event_type,orientation,horizon,symbol,years_available,count,path_row_count,available_count,session_count,mean,median,bootstrap_lower,bootstrap_upper,favorable_percentage,economic_threshold,economic_threshold_pass,same_sign_in_QQQ_and_SPY,sign_consistent_in_at_least_two_of_three_years,annual_concentration,annual_concentration_pass,coherence_with_nearby_horizons,bootstrap_ci_excludes_zero,bootstrap_two_sided_p,bh_q_value,multiple_comparisons_pass,classification_individual
EVENT-01,long_reversal,15min,QQQ,"2022,2023,2024",515,515,509,515,0.00010177063815354015,0.0001989009746148,-0.00010347024632890611,0.0003376583077884337,0.5343811394891945,not_applicable_non_strategy_no_pnl,not_applicable,True,True,0.34563106796116505,True,False,False,0.284,0.6454545454545454,False,weak_unstable_effect
EVENT-01,long_reversal,15min,SPY,"2022,2023,2024",550,550,545,550,1.6339369577176507e-05,0.0001121252214473,-0.0001439368354592482,0.00018395101907767655,0.5174311926605505,not_applicable_non_strategy_no_pnl,not_applicable,True,False,0.33636363636363636,True,False,False,0.86,0.9247311827956989,False,weak_unstable_effect
EVENT-01,long_reversal,30min,QQQ,"2022,2023,2024",515,515,507,515,-8.219159904443426e-05,-1.67921188319875e-05,-0.0003777375374580354,0.00023971262236283425,0.49506903353057197,not_applicable_non_strategy_no_pnl,not_applicable,True,True,0.34563106796116505,True,True,False,0.648,0.8883116883116884,False,weak_unstable_effect
EVENT-01,long_reversal,30min,SPY,"2022,2023,2024",550,550,542,550,-8.123764156791179e-05,2.2259244286337854e-05,-0.000306845616178113,0.00015887879511140962,0.507380073800738,not_applicable_non_strategy_no_pnl,not_applicable,True,True,0.33636363636363636,True,True,False,0.504,0.8430769230769232,False,weak_unstable_effect
EVENT-01,long_reversal,5min,QQQ,"2022,2023,2024",515,515,513,515,-3.9401824485444e-05,-2.325741514330737e-05,-0.00017545500672768572,9.087539030979353e-05,0.4873294346978557,not_applicable_non_strategy_no_pnl,not_applicable,True,True,0.34563106796116505,True,False,False,0.52,0.8430769230769232,False,weak_unstable_effect
EVENT-01,long_reversal,5min,SPY,"2022,2023,2024",550,550,548,550,-1.5070450814344427e-05,4.7617184472548146e-05,-0.00012868047723441832,7.947438041409587e-05,0.5255474452554745,not_applicable_non_strategy_no_pnl,not_applicable,True,True,0.33636363636363636,True,False,False,0.776,0.9176470588235294,False,weak_unstable_effect
EVENT-01,long_reversal,60min,QQQ,"2022,2023,2024",515,515,502,515,-1.917452751201134e-05,0.0002154167009602,-0.00046158205503984035,0.00041980037533345416,0.5139442231075697,not_applicable_non_strategy_no_pnl,not_applicable,True,True,0.34563106796116505,True,True,False,0.848,0.9247311827956989,False,weak_unstable_effect
EVENT-01,long_reversal,60min,SPY,"2022,2023,2024",550,550,536,550,-0.00010683633900860265,-0.00010081583893738811,-0.00039181323984593806,0.0001884669328179909,0.47947761194029853,not_applicable_non_strategy_no_pnl,not_applicable,True,True,0.33636363636363636,True,True,False,0.432,0.8307692307692308,False,weak_unstable_effect
EVENT-01,long_reversal,session_close,QQQ,"2022,2023,2024",515,515,513,515,-0.00018575725618827328,0.0003350644999162,-0.0011636495379042332,0.0006739361714513829,0.5107212475633528,not_applicable_non_strategy_no_pnl,not_applicable,True,True,0.34563106796116505,True,True,False,0.72,0.9113924050632911,False,weak_unstable_effect
EVENT-01,long_reversal,session_close,SPY,"2022,2023,2024",550,550,548,550,-7.370714547670084e-05,9.91553942825917e-05,-0.0008166231007062781,0.0005696324063042229,0.5145985401459854,not_applicable_non_strategy_no_pnl,not_applicable,True,True,0.33636363636363636,True,True,False,0.852,0.9247311827956989,False,weak_unstable_effect
EVENT-02,long_reversal,15min,QQQ,"2022,2023,2024",515,515,509,515,0.00010221087760826072,0.0001989009746148,-0.00010341912414829891,0.00033557397892603754,0.5324165029469549,not_applicable_non_strategy_no_pnl,not_applicable,True,True,0.34563106796116505,True,False,False,0.28,0.6454545454545454,False,weak_unstable_effect
EVENT-02,long_reversal,15min,SPY,"2022,2023,2024",548,548,543,548,1.077404394299954e-05,0.0001101847430859,-0.00014370038945050429,0.00017338895164606698,0.5174953959484346,not_applicable_non_strategy_no_pnl,not_applicable,True,False,0.3375912408759124,True,False,False,0.892,0.9291666666666667,False,weak_unstable_effect
EVENT-02,long_reversal,30min,QQQ,"2022,2023,2024",515,515,507,515,-7.30047385688544e-05,0.0,-0.00037119537001975436,0.00024733419051439635,0.4970414201183432,not_applicable_non_strategy_no_pnl,not_applicable,True,True,0.34563106796116505,True,True,False,0.68,0.8883116883116884,False,weak_unstable_effect
EVENT-02,long_reversal,30min,SPY,"2022,2023,2024",548,548,540,548,-8.81010107892015e-05,2.2259244286337854e-05,-0.00032277630226438555,0.00012730145456930683,0.5074074074074074,not_applicable_non_strategy_no_pnl,not_applicable,True,True,0.3375912408759124,True,True,False,0.404,0.8078431372549019,False,weak_unstable_effect
EVENT-02,long_reversal,5min,QQQ,"2022,2023,2024",515,515,513,515,-2.9987580650442278e-05,-1.6867957627675345e-05,-0.00016903293492484393,0.0001070444316044401,0.48927875243664715,not_applicable_non_strategy_no_pnl,not_applicable,True,True,0.34563106796116505,True,False,False,0.608,0.8883116883116884,False,weak_unstable_effect
EVENT-02,long_reversal,5min,SPY,"2022,2023,2024",548,548,546,548,-2.1552187133709187e-05,4.5405554046751284e-05,-0.00012562353205991766,7.134528369304532e-05,0.521978021978022,not_applicable_non_strategy_no_pnl,not_applicable,True,True,0.3375912408759124,True,False,False,0.62,0.8883116883116884,False,weak_unstable_effect
EVENT-02,long_reversal,60min,QQQ,"2022,2023,2024",515,515,502,515,-3.1926215831637274e-06,0.00025129759615855,-0.00044510079562080397,0.00043566601588743327,0.5159362549800797,not_applicable_non_strategy_no_pnl,not_applicable,True,True,0.34563106796116505,True,True,False,0.928,0.9469387755102042,False,weak_unstable_effect
EVENT-02,long_reversal,60min,SPY,"2022,2023,2024",548,548,534,548,-0.00011453931663407493,-0.00010081583893738811,-0.0004501064656408346,0.00018856698830120504,0.4794007490636704,not_applicable_non_strategy_no_pnl,not_applicable,True,True,0.3375912408759124,True,True,False,0.472,0.8430769230769232,False,weak_unstable_effect
EVENT-02,long_reversal,session_close,QQQ,"2022,2023,2024",515,515,513,515,-0.00017368496764386975,0.0003350644999162,-0.0011534229228903445,0.0006861373799769369,0.5107212475633528,not_applicable_non_strategy_no_pnl,not_applicable,True,True,0.34563106796116505,True,True,False,0.736,0.9121951219512194,False,weak_unstable_effect
EVENT-02,long_reversal,session_close,SPY,"2022,2023,2024",548,548,546,548,-6.580656521931093e-05,9.91553942825917e-05,-0.000756901534837045,0.0006534161717137646,0.5146520146520146,not_applicable_non_strategy_no_pnl,not_applicable,True,True,0.3375912408759124,True,True,False,0.816,0.9247311827956989,False,weak_unstable_effect
EVENT-03,short_reversal,15min,QQQ,"2022,2023,2024",531,531,522,531,-4.13808091515007e-05,-4.57031128103802e-05,-0.0002618088630661293,0.0001728378781937943,0.4789272030651341,not_applicable_non_strategy_no_pnl,not_applicable,False,True,0.3427495291902072,True,True,False,0.672,0.8883116883116884,False,weak_unstable_effect
EVENT-03,short_reversal,15min,SPY,"2022,2023,2024",576,576,566,576,3.676904900462386e-05,-5.764843640165829e-05,-0.0001125965502848029,0.0001907895365085991,0.4823321554770318,not_applicable_non_strategy_no_pnl,not_applicable,False,True,0.3454861111111111,True,True,False,0.624,0.8883116883116884,False,weak_unstable_effect
EVENT-03,short_reversal,30min,QQQ,"2022,2023,2024",531,531,520,531,2.8774125118867486e-05,-0.00022588894989025,-0.0002797289299661291,0.0003395166493993242,0.4653846153846154,not_applicable_non_strategy_no_pnl,not_applicable,False,True,0.3427495291902072,True,False,False,0.892,0.9291666666666667,False,weak_unstable_effect
EVENT-03,short_reversal,30min,SPY,"2022,2023,2024",576,576,560,576,-2.9748949042899203e-05,-0.0001169489335313,-0.0002699112809760718,0.0001913222656495281,0.4642857142857143,not_applicable_non_strategy_no_pnl,not_applicable,False,True,0.3454861111111111,True,True,False,0.708,0.9076923076923077,False,weak_unstable_effect
EVENT-03,short_reversal,5min,QQQ,"2022,2023,2024",531,531,529,531,-1.8917982961598336e-05,0.0,-0.00014134372909016277,0.0001112763222862762,0.4952741020793951,not_applicable_non_strategy_no_pnl,not_applicable,False,False,0.3427495291902072,True,True,False,0.764,0.9176470588235294,False,weak_unstable_effect
EVENT-03,short_reversal,5min,SPY,"2022,2023,2024",576,576,573,576,3.0033418860027394e-05,2.218179713242563e-07,-6.0834577778872225e-05,0.00011559849379523238,0.5008726003490401,not_applicable_non_strategy_no_pnl,not_applicable,False,True,0.3454861111111111,True,True,False,0.52,0.8430769230769232,False,weak_unstable_effect
EVENT-03,short_reversal,60min,QQQ,"2022,2023,2024",531,531,513,531,-0.00020562170885641436,-0.0005251084763562,-0.0006596285873817711,0.00021554286720049196,0.4444444444444444,not_applicable_non_strategy_no_pnl,not_applicable,True,True,0.3427495291902072,True,True,False,0.312,0.6933333333333334,False,weak_unstable_effect
EVENT-03,short_reversal,60min,SPY,"2022,2023,2024",576,576,553,576,-0.00012648638602246633,-0.0002066015264206,-0.0004561353822251399,0.00019034642652379963,0.4701627486437613,not_applicable_non_strategy_no_pnl,not_applicable,True,True,0.3454861111111111,True,True,False,0.396,0.8078431372549019,False,weak_unstable_effect
EVENT-03,short_reversal,session_close,QQQ,"2022,2023,2024",531,531,529,531,-0.0007785299596330081,-0.0011565684388903,-0.0015705169338886894,4.528863523112154e-05,0.41398865784499056,not_applicable_non_strategy_no_pnl,not_applicable,True,True,0.3427495291902072,True,True,False,0.064,0.2782608695652174,False,weak_unstable_effect
EVENT-03,short_reversal,session_close,SPY,"2022,2023,2024",576,576,573,576,-0.00041820182548479656,-0.0006244006868407,-0.001026779019971629,0.00021455601551641747,0.4328097731239092,not_applicable_non_strategy_no_pnl,not_applicable,True,True,0.3454861111111111,True,True,False,0.188,0.48205128205128206,False,weak_unstable_effect
EVENT-04,short_reversal,15min,QQQ,"2022,2023,2024",531,531,522,531,-3.949258311600587e-05,-7.370652745009032e-05,-0.0002595503035317129,0.00017409172963281917,0.47509578544061304,not_applicable_non_strategy_no_pnl,not_applicable,False,True,0.3427495291902072,True,True,False,0.684,0.8883116883116884,False,weak_unstable_effect
EVENT-04,short_reversal,15min,SPY,"2022,2023,2024",573,573,563,573,2.330816846256189e-05,-8.049657442366076e-05,-0.000130988632832973,0.00017423187950968435,0.477797513321492,not_applicable_non_strategy_no_pnl,not_applicable,False,True,0.3472949389179756,True,True,False,0.78,0.9176470588235294,False,weak_unstable_effect
EVENT-04,short_reversal,30min,QQQ,"2022,2023,2024",531,531,520,531,2.433097324858171e-05,-0.0002491973658499,-0.000285736783543996,0.0003331289275774457,0.4634615384615385,not_applicable_non_strategy_no_pnl,not_applicable,False,True,0.3427495291902072,True,False,False,0.908,0.9360824742268041,False,weak_unstable_effect
EVENT-04,short_reversal,30min,SPY,"2022,2023,2024",573,573,557,573,-5.4130786632158885e-05,-0.0001350195778386,-0.00026463086558084877,0.00014178564219293594,0.45960502692998206,not_applicable_non_strategy_no_pnl,not_applicable,False,True,0.3472949389179756,True,True,False,0.548,0.8430769230769232,False,weak_unstable_effect
EVENT-04,short_reversal,5min,QQQ,"2022,2023,2024",531,531,529,531,-3.282160686814427e-05,0.0,-0.00015910936110066952,0.00010175349625434393,0.4952741020793951,not_applicable_non_strategy_no_pnl,not_applicable,False,False,0.3427495291902072,True,True,False,0.632,0.8883116883116884,False,weak_unstable_effect
EVENT-04,short_reversal,5min,SPY,"2022,2023,2024",573,573,570,573,2.784462035926669e-05,1.1090898566212815e-07,-5.248309214313419e-05,0.00011941215133812243,0.5,not_applicable_non_strategy_no_pnl,not_applicable,False,True,0.3472949389179756,True,True,False,0.54,0.8430769230769232,False,weak_unstable_effect
EVENT-04,short_reversal,60min,QQQ,"2022,2023,2024",531,531,513,531,-0.00019942535760306037,-0.0005240479795038,-0.000653746015577613,0.0002195124197253478,0.4444444444444444,not_applicable_non_strategy_no_pnl,not_applicable,True,True,0.3427495291902072,True,True,False,0.332,0.7063829787234043,False,weak_unstable_effect
EVENT-04,short_reversal,60min,SPY,"2022,2023,2024",573,573,549,573,-0.00014061478119380269,-0.0002066015264206,-0.00042980919126281306,0.00014494044703120253,0.4681238615664845,not_applicable_non_strategy_no_pnl,not_applicable,True,True,0.3472949389179756,True,True,False,0.328,0.7063829787234043,False,weak_unstable_effect
EVENT-04,short_reversal,session_close,QQQ,"2022,2023,2024",531,531,529,531,-0.0007692424866351888,-0.0011565684388903,-0.0015598844447902167,5.4199263027595466e-05,0.41398865784499056,not_applicable_non_strategy_no_pnl,not_applicable,True,True,0.3427495291902072,True,True,False,0.064,0.2782608695652174,False,weak_unstable_effect
EVENT-04,short_reversal,session_close,SPY,"2022,2023,2024",573,573,570,573,-0.00045084007901649033,-0.0006497176753914,-0.0010582215207200268,0.00018647642539529834,0.4298245614035088,not_applicable_non_strategy_no_pnl,not_applicable,True,True,0.3472949389179756,True,True,False,0.172,0.4526315789473684,False,weak_unstable_effect
EVENT-05,long_reversal,15min,QQQ,"2022,2023,2024",312,312,305,312,-0.00010473688387301708,0.0001291250853145,-0.000385513624420886,0.00015542648966827702,0.5409836065573771,not_applicable_non_strategy_no_pnl,not_applicable,False,True,0.34294871794871795,True,True,False,0.524,0.8430769230769232,False,weak_unstable_effect
EVENT-05,long_reversal,15min,SPY,"2022,2023,2024",336,336,329,336,5.663903248006107e-05,0.0002058056802367,-0.00012076207211914374,0.0002363691421749574,0.574468085106383,not_applicable_non_strategy_no_pnl,not_applicable,False,True,0.34226190476190477,True,True,False,0.492,0.8430769230769232,False,weak_unstable_effect
EVENT-05,long_reversal,30min,QQQ,"2022,2023,2024",312,312,302,312,3.05735797572311e-05,0.00010852725597560001,-0.0003015112633775856,0.00036365791050700603,0.5132450331125827,not_applicable_non_strategy_no_pnl,not_applicable,True,True,0.34294871794871795,True,True,False,0.884,0.9291666666666667,False,weak_unstable_effect
EVENT-05,long_reversal,30min,SPY,"2022,2023,2024",336,336,323,336,0.00020286718899179636,0.0002389812751923,-5.4597371045081744e-05,0.00044944367917907187,0.5758513931888545,not_applicable_non_strategy_no_pnl,not_applicable,True,True,0.34226190476190477,True,True,False,0.116,0.4,False,weak_unstable_effect
EVENT-05,long_reversal,5min,QQQ,"2022,2023,2024",312,312,308,312,-0.000166425319481803,-0.0001398146312845,-0.00030611125186154786,-8.661683781276349e-06,0.44805194805194803,not_applicable_non_strategy_no_pnl,not_applicable,False,True,0.34294871794871795,True,True,True,0.044,0.23157894736842102,False,weak_unstable_effect
EVENT-05,long_reversal,5min,SPY,"2022,2023,2024",336,336,332,336,2.7713960027220034e-05,2.1559886607569467e-05,-6.474023189499559e-05,0.00012126884483755798,0.5090361445783133,not_applicable_non_strategy_no_pnl,not_applicable,False,True,0.34226190476190477,True,True,False,0.54,0.8430769230769232,False,weak_unstable_effect
EVENT-05,long_reversal,60min,QQQ,"2022,2023,2024",312,312,294,312,7.88134508196042e-05,0.00014181392994015,-0.0003374618470489724,0.00048074231242551963,0.5238095238095238,not_applicable_non_strategy_no_pnl,not_applicable,True,True,0.34294871794871795,True,True,False,0.848,0.9247311827956989,False,weak_unstable_effect
EVENT-05,long_reversal,60min,SPY,"2022,2023,2024",336,336,313,336,0.00036600266862836186,0.0002658227848102,3.3134685714175916e-05,0.0006936817002545139,0.5718849840255591,not_applicable_non_strategy_no_pnl,not_applicable,True,True,0.34226190476190477,True,True,True,0.032,0.17777777777777778,False,weak_unstable_effect
EVENT-05,long_reversal,session_close,QQQ,"2022,2023,2024",312,312,308,312,0.0004045182898677603,0.00024140372438635,-0.0005616668223529745,0.00140276711963951,0.5162337662337663,not_applicable_non_strategy_no_pnl,not_applicable,True,True,0.34294871794871795,True,True,False,0.412,0.8078431372549019,False,weak_unstable_effect
EVENT-05,long_reversal,session_close,SPY,"2022,2023,2024",336,336,332,336,0.0007809955236639755,0.0006006345797474,5.197308461079261e-05,0.0014612439315808367,0.5572289156626506,not_applicable_non_strategy_no_pnl,not_applicable,True,True,0.34226190476190477,True,True,True,0.028,0.1647058823529412,False,weak_unstable_effect
EVENT-06,short_reversal,15min,QQQ,"2022,2023,2024",317,317,314,317,5.542473377700061e-05,6.548913770676457e-05,-0.00020828663631359406,0.000310418702660311,0.5127388535031847,not_applicable_non_strategy_no_pnl,not_applicable,True,False,0.33753943217665616,True,True,False,0.74,0.9121951219512194,False,weak_unstable_effect
EVENT-06,short_reversal,15min,SPY,"2022,2023,2024",321,321,317,321,0.00013085746944205227,-3.6104444457230045e-05,-5.4366025143874295e-05,0.0003144276791835898,0.48580441640378547,not_applicable_non_strategy_no_pnl,not_applicable,True,True,0.3395638629283489,True,True,False,0.136,0.411764705882353,False,weak_unstable_effect
EVENT-06,short_reversal,30min,QQQ,"2022,2023,2024",317,317,311,317,3.221153955770643e-05,-0.0003084953750176,-0.00033608598287952995,0.00043244206581422083,0.42765273311897106,not_applicable_non_strategy_no_pnl,not_applicable,True,False,0.33753943217665616,True,True,False,0.848,0.9247311827956989,False,weak_unstable_effect
EVENT-06,short_reversal,30min,SPY,"2022,2023,2024",321,321,312,321,9.181501400497918e-05,-7.032470130607926e-05,-0.0001876982958445059,0.0003698615919584268,0.4775641025641026,not_applicable_non_strategy_no_pnl,not_applicable,True,True,0.3395638629283489,True,True,False,0.568,0.8606060606060606,False,weak_unstable_effect
EVENT-06,short_reversal,5min,QQQ,"2022,2023,2024",317,317,316,317,0.00011795292706277607,-3.2222238167456396e-05,-1.913895718586246e-05,0.0002365420544648005,0.4810126582278481,not_applicable_non_strategy_no_pnl,not_applicable,True,True,0.33753943217665616,True,True,False,0.128,0.411764705882353,False,weak_unstable_effect
EVENT-06,short_reversal,5min,SPY,"2022,2023,2024",321,321,319,321,0.00013250839649315356,0.0,2.630627928110577e-05,0.00023488607395486454,0.4952978056426332,not_applicable_non_strategy_no_pnl,not_applicable,True,True,0.3395638629283489,True,True,True,0.02,0.125,False,weak_unstable_effect
EVENT-06,short_reversal,60min,QQQ,"2022,2023,2024",317,317,297,317,-0.00029660205979226183,-0.0006266711229945,-0.0007206576993544027,0.0001774744504116476,0.4006734006734007,not_applicable_non_strategy_no_pnl,not_applicable,False,True,0.33753943217665616,True,True,False,0.264,0.6454545454545454,False,weak_unstable_effect
EVENT-06,short_reversal,60min,SPY,"2022,2023,2024",321,321,298,321,3.0736966522879606e-05,-3.511840491876583e-05,-0.0002847943442743615,0.00038959783931910146,0.4966442953020134,not_applicable_non_strategy_no_pnl,not_applicable,False,True,0.3395638629283489,True,True,False,0.856,0.9247311827956989,False,weak_unstable_effect
EVENT-06,short_reversal,session_close,QQQ,"2022,2023,2024",317,317,316,317,-0.00047530460739370886,-0.00076539172293665,-0.001282475389535206,0.0003737040969373532,0.44936708860759494,not_applicable_non_strategy_no_pnl,not_applicable,True,True,0.33753943217665616,True,True,False,0.284,0.6454545454545454,False,weak_unstable_effect
EVENT-06,short_reversal,session_close,SPY,"2022,2023,2024",321,321,319,321,-0.0005457605701866429,-0.0006320446644896,-0.001268617657524227,0.00020384133117524555,0.42946708463949845,not_applicable_non_strategy_no_pnl,not_applicable,True,True,0.3395638629283489,True,False,False,0.136,0.411764705882353,False,weak_unstable_effect
EVENT-07,long_reversal,15min,QQQ,"2022,2023,2024",495,495,489,495,-0.0003597545551558824,-0.0002051048313582,-0.0005628579419158431,-0.00016168459868661994,0.4560327198364008,not_applicable_non_strategy_no_pnl,not_applicable,True,True,0.3474747474747475,True,True,True,0.0,0.0,True,hypothesis_generating_signal
EVENT-07,long_reversal,15min,SPY,"2022,2023,2024",517,517,510,517,-0.00030393290702669564,-0.00017817953102435,-0.00043192122158775475,-0.00016571071080676217,0.4411764705882353,not_applicable_non_strategy_no_pnl,not_applicable,True,True,0.34235976789168276,True,True,True,0.0,0.0,True,hypothesis_generating_signal
EVENT-07,long_reversal,30min,QQQ,"2022,2023,2024",495,495,486,495,-0.0004516986926691297,-0.00025100422060905,-0.0007573697466134571,-0.0001575787939946322,0.45267489711934156,not_applicable_non_strategy_no_pnl,not_applicable,True,True,0.3474747474747475,True,True,True,0.004,0.03076923076923077,True,hypothesis_generating_signal
EVENT-07,long_reversal,30min,SPY,"2022,2023,2024",517,517,507,517,-0.00042771393754920177,-0.0001479974100452,-0.0006367098254575796,-0.0002110866682602874,0.4556213017751479,not_applicable_non_strategy_no_pnl,not_applicable,True,True,0.34235976789168276,True,True,True,0.0,0.0,True,hypothesis_generating_signal
EVENT-07,long_reversal,5min,QQQ,"2022,2023,2024",495,495,492,495,-0.00025352827760296903,-0.00020402963023375,-0.0003909268883070161,-0.00011732195626069798,0.42276422764227645,not_applicable_non_strategy_no_pnl,not_applicable,True,True,0.3474747474747475,True,True,True,0.0,0.0,True,hypothesis_generating_signal
EVENT-07,long_reversal,5min,SPY,"2022,2023,2024",517,517,515,517,-0.00014573404037054784,-9.24791090424204e-05,-0.00023712085719486598,-4.182587656427693e-05,0.47378640776699027,not_applicable_non_strategy_no_pnl,not_applicable,True,True,0.34235976789168276,True,True,True,0.004,0.03076923076923077,True,hypothesis_generating_signal
EVENT-07,long_reversal,60min,QQQ,"2022,2023,2024",495,495,480,495,-0.00040807391157755374,-0.0001890118450949,-0.0008705879705441941,2.3917537334413612e-05,0.48125,not_applicable_non_strategy_no_pnl,not_applicable,True,True,0.3474747474747475,True,True,False,0.072,0.3,False,weak_unstable_effect
EVENT-07,long_reversal,60min,SPY,"2022,2023,2024",517,517,503,517,-0.0005353910478733631,-0.0004261641768696,-0.0008327277345263802,-0.00021901387329970086,0.4294234592445328,not_applicable_non_strategy_no_pnl,not_applicable,True,True,0.34235976789168276,True,True,True,0.0,0.0,True,hypothesis_generating_signal
EVENT-07,long_reversal,session_close,QQQ,"2022,2023,2024",495,495,492,495,-0.0006369790074985028,-9.889763573814179e-05,-0.0014593404136788366,0.00026706592712956803,0.491869918699187,not_applicable_non_strategy_no_pnl,not_applicable,True,True,0.3474747474747475,True,True,False,0.152,0.4222222222222222,False,weak_unstable_effect
EVENT-07,long_reversal,session_close,SPY,"2022,2023,2024",517,517,515,517,-0.000576623804616868,-0.0001694628029147,-0.0012220860026178097,0.0001160125208921723,0.4893203883495146,not_applicable_non_strategy_no_pnl,not_applicable,True,True,0.34235976789168276,True,True,False,0.108,0.38571428571428573,False,weak_unstable_effect
EVENT-08,short_reversal,15min,QQQ,"2022,2023,2024",512,512,503,512,-0.0004576540875593186,-0.0003144617463108,-0.0006619951234027043,-0.0002502836383990949,0.3976143141153082,not_applicable_non_strategy_no_pnl,not_applicable,True,True,0.34375,True,True,True,0.0,0.0,True,hypothesis_generating_signal
EVENT-08,short_reversal,15min,SPY,"2022,2023,2024",557,557,546,557,-0.0001980681594294062,-0.00019989574610074999,-0.00034429953421208077,-6.306101506139926e-05,0.43223443223443225,not_applicable_non_strategy_no_pnl,not_applicable,True,True,0.3518850987432675,True,True,True,0.008,0.05714285714285715,True,hypothesis_generating_signal
EVENT-08,short_reversal,30min,QQQ,"2022,2023,2024",512,512,500,512,-0.000397096093009312,-0.0005029153070110501,-0.0006904820665049779,-7.828734150633949e-05,0.4,not_applicable_non_strategy_no_pnl,not_applicable,True,True,0.34375,True,True,True,0.0,0.0,True,hypothesis_generating_signal
EVENT-08,short_reversal,30min,SPY,"2022,2023,2024",557,557,540,557,-0.0003056800625836872,-0.0003129035492499,-0.0005050506443209026,-0.00011751544088047097,0.4166666666666667,not_applicable_non_strategy_no_pnl,not_applicable,True,True,0.3518850987432675,True,True,True,0.0,0.0,True,hypothesis_generating_signal
EVENT-08,short_reversal,5min,QQQ,"2022,2023,2024",512,512,510,512,-0.00016996466560585078,-0.00014560662859315,-0.0003025792969616003,-5.706962527920447e-05,0.4666666666666667,not_applicable_non_strategy_no_pnl,not_applicable,True,True,0.34375,True,True,True,0.004,0.03076923076923077,True,hypothesis_generating_signal
EVENT-08,short_reversal,5min,SPY,"2022,2023,2024",557,557,554,557,-9.17188247312274e-05,-6.750287124124288e-05,-0.00017798145765221646,3.067076448004721e-06,0.45306859205776173,not_applicable_non_strategy_no_pnl,not_applicable,True,True,0.3518850987432675,True,True,False,0.06,0.2782608695652174,False,weak_unstable_effect
EVENT-08,short_reversal,60min,QQQ,"2022,2023,2024",512,512,494,512,-0.0006457163758967007,-0.0008097659091267999,-0.0010580241003460792,-0.00019131659601263329,0.4109311740890688,not_applicable_non_strategy_no_pnl,not_applicable,True,True,0.34375,True,True,True,0.004,0.03076923076923077,True,hypothesis_generating_signal
EVENT-08,short_reversal,60min,SPY,"2022,2023,2024",557,557,533,557,-0.00038083196649365023,-0.0003655304761034,-0.0007022228893863907,-0.00011154120172876185,0.4371482176360225,not_applicable_non_strategy_no_pnl,not_applicable,True,True,0.3518850987432675,True,True,True,0.004,0.03076923076923077,True,hypothesis_generating_signal
EVENT-08,short_reversal,session_close,QQQ,"2022,2023,2024",512,512,510,512,-0.0010757478514387857,-0.0015161439304626,-0.001883814939999731,-0.00023356743109981536,0.396078431372549,not_applicable_non_strategy_no_pnl,not_applicable,True,True,0.34375,True,True,True,0.012,0.08,True,hypothesis_generating_signal
EVENT-08,short_reversal,session_close,SPY,"2022,2023,2024",557,557,554,557,-0.0006457209458718553,-0.00078373670033365,-0.0012773551339034335,1.956624082729042e-05,0.4187725631768953,not_applicable_non_strategy_no_pnl,not_applicable,True,True,0.3518850987432675,True,True,False,0.064,0.2782608695652174,False,weak_unstable_effect
EVENT-09,long_reversal,15min,QQQ,"2022,2023,2024",232,232,231,232,0.00028288193518662255,0.0002348024137688,-6.246589477832265e-05,0.0006395325473686074,0.5541125541125541,not_applicable_non_strategy_no_pnl,not_applicable,True,True,0.3448275862068966,True,True,False,0.104,0.38571428571428573,False,weak_unstable_effect
EVENT-09,long_reversal,15min,SPY,"2022,2023,2024",174,174,174,174,5.633568504306128e-05,0.00010455445637124261,-0.0002127314138772239,0.000330209145960239,0.5287356321839081,not_applicable_non_strategy_no_pnl,not_applicable,True,True,0.40804597701149425,True,False,False,0.668,0.8883116883116884,False,weak_unstable_effect
EVENT-09,long_reversal,30min,QQQ,"2022,2023,2024",232,232,230,232,0.00014938118263510704,0.00024359596785515002,-0.0002611042425285413,0.0005651269935494171,0.5434782608695652,not_applicable_non_strategy_no_pnl,not_applicable,False,True,0.3448275862068966,True,True,False,0.516,0.8430769230769232,False,weak_unstable_effect
EVENT-09,long_reversal,30min,SPY,"2022,2023,2024",174,174,174,174,-0.00010376441954297877,-4.3988440962927644e-05,-0.0004426399095861589,0.00026873508382757756,0.4942528735632184,not_applicable_non_strategy_no_pnl,not_applicable,False,True,0.40804597701149425,True,True,False,0.592,0.8835820895522387,False,weak_unstable_effect
EVENT-09,long_reversal,5min,QQQ,"2022,2023,2024",232,232,231,232,0.00011761406395790519,0.0001136286162306,-4.6019715346034145e-05,0.00030220099864733255,0.5541125541125541,not_applicable_non_strategy_no_pnl,not_applicable,False,True,0.3448275862068966,True,True,False,0.14,0.411764705882353,False,weak_unstable_effect
EVENT-09,long_reversal,5min,SPY,"2022,2023,2024",174,174,174,174,-5.54212796817704e-05,2.1142807336560487e-05,-0.00021363237081761414,0.00011323840968174868,0.5057471264367817,not_applicable_non_strategy_no_pnl,not_applicable,False,True,0.40804597701149425,True,False,False,0.536,0.8430769230769232,False,weak_unstable_effect
EVENT-09,long_reversal,60min,QQQ,"2022,2023,2024",232,232,229,232,-2.082730131885058e-05,0.0002176278563656,-0.0006076212463114226,0.0005732661636359392,0.5283842794759825,not_applicable_non_strategy_no_pnl,not_applicable,True,False,0.3448275862068966,True,False,False,0.996,0.996,False,weak_unstable_effect
EVENT-09,long_reversal,60min,SPY,"2022,2023,2024",174,174,174,174,-2.9466450269733647e-05,0.00023202003754095,-0.0005050071733401358,0.00044504319659029526,0.5344827586206896,not_applicable_non_strategy_no_pnl,not_applicable,True,True,0.40804597701149425,True,True,False,0.956,0.9656565656565655,False,weak_unstable_effect
EVENT-09,long_reversal,session_close,QQQ,"2022,2023,2024",232,232,231,232,0.0008870039851853603,0.0011099483081218,-0.00030066416504237264,0.0021130574718255125,0.5757575757575758,not_applicable_non_strategy_no_pnl,not_applicable,True,True,0.3448275862068966,True,False,False,0.148,0.4222222222222222,False,weak_unstable_effect
EVENT-09,long_reversal,session_close,SPY,"2022,2023,2024",174,174,174,174,0.0008385937660845619,0.00150120666399825,-0.00027305211883385706,0.0018799817505211426,0.6206896551724138,not_applicable_non_strategy_no_pnl,not_applicable,True,True,0.40804597701149425,True,False,False,0.132,0.411764705882353,False,weak_unstable_effect
EVENT-10,short_reversal,15min,QQQ,"2022,2023,2024",205,205,205,205,0.00016244946319345644,-0.0001236348650319,-0.00018013291354449545,0.0005145409881182029,0.48292682926829267,not_applicable_non_strategy_no_pnl,not_applicable,False,True,0.36585365853658536,True,True,False,0.412,0.8078431372549019,False,weak_unstable_effect
EVENT-10,short_reversal,15min,SPY,"2022,2023,2024",181,181,180,181,-0.00021406375998293578,-5.344493560732744e-05,-0.0005268739986965786,0.00012817426195740753,0.4722222222222222,not_applicable_non_strategy_no_pnl,not_applicable,False,True,0.3701657458563536,True,True,False,0.168,0.4526315789473684,False,weak_unstable_effect
EVENT-10,short_reversal,30min,QQQ,"2022,2023,2024",205,205,203,205,0.0004448233530062336,0.000697122918539,-7.147946094432829e-05,0.0009261275022339153,0.5714285714285714,not_applicable_non_strategy_no_pnl,not_applicable,False,True,0.36585365853658536,True,True,False,0.088,0.352,False,weak_unstable_effect
EVENT-10,short_reversal,30min,SPY,"2022,2023,2024",181,181,178,181,-0.00012334717641417973,-5.153047370831665e-05,-0.0005171081721447007,0.00029374331178448935,0.4887640449438202,not_applicable_non_strategy_no_pnl,not_applicable,False,True,0.3701657458563536,True,True,False,0.676,0.8883116883116884,False,weak_unstable_effect
EVENT-10,short_reversal,5min,QQQ,"2022,2023,2024",205,205,205,205,7.31365266948624e-05,2.899307066650536e-07,-0.000150973191253708,0.0002807471774943703,0.5024390243902439,not_applicable_non_strategy_no_pnl,not_applicable,False,True,0.36585365853658536,True,True,False,0.524,0.8430769230769232,False,weak_unstable_effect
EVENT-10,short_reversal,5min,SPY,"2022,2023,2024",181,181,181,181,-6.19091982062117e-05,-2.2416749795528546e-05,-0.00021274128984388963,0.00010310201508310675,0.4585635359116022,not_applicable_non_strategy_no_pnl,not_applicable,False,True,0.3701657458563536,True,True,False,0.528,0.8430769230769232,False,weak_unstable_effect
EVENT-10,short_reversal,60min,QQQ,"2022,2023,2024",205,205,202,205,0.0005049870751654494,0.0005901975759016,-0.0001355398289834842,0.0010750044638164595,0.5643564356435643,not_applicable_non_strategy_no_pnl,not_applicable,False,True,0.36585365853658536,True,True,False,0.108,0.38571428571428573,False,weak_unstable_effect
EVENT-10,short_reversal,60min,SPY,"2022,2023,2024",181,181,176,181,-0.00026516205963692473,-0.0001480037472846,-0.0007654115250915599,0.0002716675524512609,0.45454545454545453,not_applicable_non_strategy_no_pnl,not_applicable,False,True,0.3701657458563536,True,True,False,0.28,0.6454545454545454,False,weak_unstable_effect
EVENT-10,short_reversal,session_close,QQQ,"2022,2023,2024",205,205,205,205,0.00020631157882924328,-0.0004873294346978,-0.0012935203134312573,0.0017098429756452736,0.4634146341463415,not_applicable_non_strategy_no_pnl,not_applicable,False,True,0.36585365853658536,True,True,False,0.748,0.9121951219512194,False,weak_unstable_effect
EVENT-10,short_reversal,session_close,SPY,"2022,2023,2024",181,181,181,181,-0.00017874830671647752,5.530667551567614e-05,-0.001280249672258282,0.000968004597769388,0.5027624309392266,not_applicable_non_strategy_no_pnl,not_applicable,False,True,0.3701657458563536,True,True,False,0.808,0.9247311827956989,False,weak_unstable_effect
