event_type,orientation,horizon,symbol,year,count,mean_return,median_return,bootstrap_lower,bootstrap_upper,economic_threshold,classification
EVENT-07,long_reversal,15min,QQQ,2022,172,-0.0003169569412293,-0.0003079810901001,-0.0007004441390539,0.0001069020812428,not_applicable_non_strategy_no_pnl,no_effect_detected_diagnostic_row
EVENT-07,long_reversal,15min,QQQ,2023,161,-0.0003743218477991,-0.0001809702714382,-0.0006934299339305,-5.834820526033186e-05,not_applicable_non_strategy_no_pnl,stable_but_not_economic_diagnostic_row
EVENT-07,long_reversal,15min,QQQ,2024,162,-0.0003903922422225,-0.0001732055694886,-0.0006530293477909,-0.00011902410431,not_applicable_non_strategy_no_pnl,stable_but_not_economic_diagnostic_row
EVENT-07,long_reversal,15min,SPY,2022,170,-0.0004952249289017,-0.0004954588293142,-0.0008035765712997,-0.0001136027011915,not_applicable_non_strategy_no_pnl,stable_but_not_economic_diagnostic_row
EVENT-07,long_reversal,15min,SPY,2023,170,-0.0001445221420013,-0.0001360898201869,-0.0003587371309274,6.544151742683047e-05,not_applicable_non_strategy_no_pnl,no_effect_detected_diagnostic_row
EVENT-07,long_reversal,15min,SPY,2024,177,-0.0002724159817937,-5.166217430363496e-05,-0.0004466135211863,-0.0001035987897714,not_applicable_non_strategy_no_pnl,stable_but_not_economic_diagnostic_row
EVENT-07,long_reversal,30min,QQQ,2022,172,-0.0005238899072918,-0.000596222899688,-0.0012190865716089,0.0001393840283654,not_applicable_non_strategy_no_pnl,no_effect_detected_diagnostic_row
EVENT-07,long_reversal,30min,QQQ,2023,161,-0.0004118967804785,-0.0002679636077082,-0.0008109560022236,4.348642676287952e-05,not_applicable_non_strategy_no_pnl,no_effect_detected_diagnostic_row
EVENT-07,long_reversal,30min,QQQ,2024,162,-0.0004152023056034,-0.0001015941665099,-0.0008342980070414,-1.1550094330480524e-05,not_applicable_non_strategy_no_pnl,stable_but_not_economic_diagnostic_row
EVENT-07,long_reversal,30min,SPY,2022,170,-0.0006147019663022,-0.0002288978025811,-0.0010699983488479,-0.000144232307212,not_applicable_non_strategy_no_pnl,stable_but_not_economic_diagnostic_row
EVENT-07,long_reversal,30min,SPY,2023,170,-0.0002548880275964,-0.0002055857105964,-0.0006063934823455,3.379511142622782e-05,not_applicable_non_strategy_no_pnl,no_effect_detected_diagnostic_row
EVENT-07,long_reversal,30min,SPY,2024,177,-0.0004131283068043,-8.335194464107007e-05,-0.0007011530433305,-0.0001414194686839,not_applicable_non_strategy_no_pnl,stable_but_not_economic_diagnostic_row
EVENT-07,long_reversal,5min,QQQ,2022,172,-0.0002908541657761,-0.0003354517535906,-0.0005846414007088,2.195067467613275e-05,not_applicable_non_strategy_no_pnl,no_effect_detected_diagnostic_row
EVENT-07,long_reversal,5min,QQQ,2023,161,-0.0002364048740067,-0.0003056868933444,-0.0004159494418907,-3.0076625193580572e-05,not_applicable_non_strategy_no_pnl,stable_but_not_economic_diagnostic_row
EVENT-07,long_reversal,5min,QQQ,2024,162,-0.0002312392526933,-7.862759113663742e-05,-0.0004386688597813,-2.21046621247842e-05,not_applicable_non_strategy_no_pnl,stable_but_not_economic_diagnostic_row
EVENT-07,long_reversal,5min,SPY,2022,170,-0.0002010055094863,-0.0003037204954363,-0.0003967535102646,3.454654955263899e-05,not_applicable_non_strategy_no_pnl,no_effect_detected_diagnostic_row
EVENT-07,long_reversal,5min,SPY,2023,170,-0.000126050742678,-9.505667954856634e-05,-0.0002611741852903,1.2432288232929929e-05,not_applicable_non_strategy_no_pnl,no_effect_detected_diagnostic_row
EVENT-07,long_reversal,5min,SPY,2024,177,-0.0001113309006115,-1.7755432107580127e-05,-0.0002318822086498,7.321338072454446e-07,not_applicable_non_strategy_no_pnl,no_effect_detected_diagnostic_row
EVENT-07,long_reversal,60min,QQQ,2022,172,-0.0002420956763462,-0.0004993036028696,-0.0011663633973382,0.0006444183347432,not_applicable_non_strategy_no_pnl,no_effect_detected_diagnostic_row
EVENT-07,long_reversal,60min,QQQ,2023,161,-0.0004965170973927,-0.0002148804727369,-0.0010726808786574,9.712942619975428e-05,not_applicable_non_strategy_no_pnl,no_effect_detected_diagnostic_row
EVENT-07,long_reversal,60min,QQQ,2024,162,-0.0004967427184274,8.217862609249576e-05,-0.0011438224264419,0.0001590985842606,not_applicable_non_strategy_no_pnl,no_effect_detected_diagnostic_row
EVENT-07,long_reversal,60min,SPY,2022,170,-0.0006947156528748,-0.0006719865602687,-0.00128999972454,5.440957343994756e-07,not_applicable_non_strategy_no_pnl,no_effect_detected_diagnostic_row
EVENT-07,long_reversal,60min,SPY,2023,170,-0.0004344389721688,-0.0004409051633543,-0.000882948515173,2.7948945657999865e-05,not_applicable_non_strategy_no_pnl,no_effect_detected_diagnostic_row
EVENT-07,long_reversal,60min,SPY,2024,177,-0.0004767088473218,-0.0001463448228367,-0.0008906382561511,-6.135243958954824e-05,not_applicable_non_strategy_no_pnl,stable_but_not_economic_diagnostic_row
EVENT-07,long_reversal,session_close,QQQ,2022,172,-0.0012655713973169,-0.0014281619914437,-0.0035170601921137,0.0008160720737449,not_applicable_non_strategy_no_pnl,no_effect_detected_diagnostic_row
EVENT-07,long_reversal,session_close,QQQ,2023,161,6.472861437643e-05,0.0004112622587788,-0.0010492834677203,0.0012037813235819,not_applicable_non_strategy_no_pnl,no_effect_detected_diagnostic_row
EVENT-07,long_reversal,session_close,QQQ,2024,162,-0.000674955534534,0.0004407135362014,-0.0019360816173975,0.0004435504713667,not_applicable_non_strategy_no_pnl,no_effect_detected_diagnostic_row
EVENT-07,long_reversal,session_close,SPY,2022,170,-0.0013462685602035,-0.0016049151848351,-0.0030127670064902,0.0001229848818601,not_applicable_non_strategy_no_pnl,no_effect_detected_diagnostic_row
EVENT-07,long_reversal,session_close,SPY,2023,170,-7.864001212612911e-05,0.0001209955825173,-0.0009835746927106,0.0009116337639198,not_applicable_non_strategy_no_pnl,no_effect_detected_diagnostic_row
EVENT-07,long_reversal,session_close,SPY,2024,177,-0.0003100795599202,0.0001027861193194,-0.0011055340805063,0.0005164622369359,not_applicable_non_strategy_no_pnl,no_effect_detected_diagnostic_row
EVENT-08,short_reversal,15min,QQQ,2022,165,-0.0006405877163035,-0.0004467439154692,-0.0011267129734991,-0.0001845048719813,not_applicable_non_strategy_no_pnl,stable_but_not_economic_diagnostic_row
EVENT-08,short_reversal,15min,QQQ,2023,171,-0.00035635022991,-0.0003743109540901,-0.0006284241659125,-5.981232413710694e-05,not_applicable_non_strategy_no_pnl,stable_but_not_economic_diagnostic_row
EVENT-08,short_reversal,15min,QQQ,2024,176,-0.000381735566922,-0.0001813602015112,-0.0005946751889995,-0.0001479290758634,not_applicable_non_strategy_no_pnl,stable_but_not_economic_diagnostic_row
EVENT-08,short_reversal,15min,SPY,2022,171,-0.0003160398123098,-0.0002617226606995,-0.0007141615726484,5.499103338772674e-05,not_applicable_non_strategy_no_pnl,no_effect_detected_diagnostic_row
EVENT-08,short_reversal,15min,SPY,2023,190,-0.0001356001438437,-0.0002077961133579,-0.0003320150390607,7.01443831775805e-05,not_applicable_non_strategy_no_pnl,no_effect_detected_diagnostic_row
EVENT-08,short_reversal,15min,SPY,2024,196,-0.0001536674747413,-0.0001743456134574,-0.0002969378940755,-1.462806771843626e-06,not_applicable_non_strategy_no_pnl,stable_but_not_economic_diagnostic_row
EVENT-08,short_reversal,30min,QQQ,2022,165,-0.0004562544004218,-0.0004475231043352,-0.0011358602666935,0.000296112498443,not_applicable_non_strategy_no_pnl,no_effect_detected_diagnostic_row
EVENT-08,short_reversal,30min,QQQ,2023,171,-0.0002318447268422,-0.0005949504052085,-0.000653148811852,0.0002295214127759,not_applicable_non_strategy_no_pnl,no_effect_detected_diagnostic_row
EVENT-08,short_reversal,30min,QQQ,2024,176,-0.0005024372178577,-0.0004557968797798,-0.0008793383264283,-0.0001482874461409,not_applicable_non_strategy_no_pnl,stable_but_not_economic_diagnostic_row
EVENT-08,short_reversal,30min,SPY,2022,171,-0.0005899960505109,-0.0004680312213758,-0.0011413983741328,-1.0508817156912652e-05,not_applicable_non_strategy_no_pnl,stable_but_not_economic_diagnostic_row
EVENT-08,short_reversal,30min,SPY,2023,190,-6.291752607231156e-05,-0.0002667377967457,-0.0003558223293851,0.0002864050068053,not_applicable_non_strategy_no_pnl,no_effect_detected_diagnostic_row
EVENT-08,short_reversal,30min,SPY,2024,196,-0.0002920114416834,-0.0002855058590186,-0.0004904255520495,-9.743483438914804e-05,not_applicable_non_strategy_no_pnl,stable_but_not_economic_diagnostic_row
EVENT-08,short_reversal,5min,QQQ,2022,165,-0.0003066585622698,-0.0002773636584265,-0.0005851955132419,-1.5063848854460733e-05,not_applicable_non_strategy_no_pnl,stable_but_not_economic_diagnostic_row
EVENT-08,short_reversal,5min,QQQ,2023,171,-6.922612234862737e-05,-0.0001035873950496,-0.000223105485234,0.0001088541171858,not_applicable_non_strategy_no_pnl,no_effect_detected_diagnostic_row
EVENT-08,short_reversal,5min,QQQ,2024,176,-0.000139342814729,-0.0001267374545493,-0.0003048678316504,3.062944849843946e-05,not_applicable_non_strategy_no_pnl,no_effect_detected_diagnostic_row
EVENT-08,short_reversal,5min,SPY,2022,171,-0.0001961089787856,-0.000105658978365,-0.0003999501046252,2.0220068921159896e-05,not_applicable_non_strategy_no_pnl,no_effect_detected_diagnostic_row
EVENT-08,short_reversal,5min,SPY,2023,190,-2.578305809449565e-05,-6.45369474023827e-05,-0.0001422331807255,9.861873032261168e-05,not_applicable_non_strategy_no_pnl,no_effect_detected_diagnostic_row
EVENT-08,short_reversal,5min,SPY,2024,196,-6.394121416959045e-05,-5.208617909546742e-05,-0.0001609545699057,3.2813553810816405e-05,not_applicable_non_strategy_no_pnl,no_effect_detected_diagnostic_row
EVENT-08,short_reversal,60min,QQQ,2022,165,-0.0006193115349623,-0.000723433735812,-0.0015691890389018,0.0003596035208432,not_applicable_non_strategy_no_pnl,no_effect_detected_diagnostic_row
EVENT-08,short_reversal,60min,QQQ,2023,171,-0.0005813554310189,-0.0008232327131423,-0.0011512440715318,7.292188817460464e-05,not_applicable_non_strategy_no_pnl,no_effect_detected_diagnostic_row
EVENT-08,short_reversal,60min,QQQ,2024,176,-0.000732216497373,-0.0007962991051113,-0.0012361367359241,-0.0003000373740944,not_applicable_non_strategy_no_pnl,stable_but_not_economic_diagnostic_row
EVENT-08,short_reversal,60min,SPY,2022,171,-0.0006570521228506,-0.0006277948419125,-0.0012940432099506,1.1090001794427934e-05,not_applicable_non_strategy_no_pnl,no_effect_detected_diagnostic_row
EVENT-08,short_reversal,60min,SPY,2023,190,-0.0001828908267318,-0.0002883270613407,-0.000544796647107,0.0002568398268191,not_applicable_non_strategy_no_pnl,no_effect_detected_diagnostic_row
EVENT-08,short_reversal,60min,SPY,2024,196,-0.0003284987198694,-0.000314527102887,-0.0006805064316209,2.31711797696676e-05,not_applicable_non_strategy_no_pnl,no_effect_detected_diagnostic_row
EVENT-08,short_reversal,session_close,QQQ,2022,165,-0.0011649083875801,-0.0025692376286157,-0.0030306878275523,0.0007579049993633,not_applicable_non_strategy_no_pnl,no_effect_detected_diagnostic_row
EVENT-08,short_reversal,session_close,QQQ,2023,171,-0.0013804865340314,-0.0016160143210426,-0.0026126547717121,-0.0002160701839179,not_applicable_non_strategy_no_pnl,stable_but_not_economic_diagnostic_row
EVENT-08,short_reversal,session_close,QQQ,2024,176,-0.0006917144997911,-0.0006008058907794,-0.0015647884158348,0.0002882607891642,not_applicable_non_strategy_no_pnl,no_effect_detected_diagnostic_row
EVENT-08,short_reversal,session_close,SPY,2022,171,-0.0011231184555678,-0.0020527478238274,-0.0026273587370969,0.0004238635691811,not_applicable_non_strategy_no_pnl,no_effect_detected_diagnostic_row
EVENT-08,short_reversal,session_close,SPY,2023,190,-0.0006819376363711,-0.0007844800169616,-0.0015132694158551,0.0001586886025924,not_applicable_non_strategy_no_pnl,no_effect_detected_diagnostic_row
EVENT-08,short_reversal,session_close,SPY,2024,196,-0.0001896388393647,-0.0005319728217669,-0.000950871905367,0.000549244460903,not_applicable_non_strategy_no_pnl,no_effect_detected_diagnostic_row
