source_symbol,normalized_symbol,trade_num,direction,entry_time_unix_ms,entry_time_utc,entry_time_ny,entry_price,exit_time_unix_ms,exit_time_utc,exit_time_ny,exit_price,qty,profit,commission,entry_id,exit_id,entry_comment,exit_comment
BATS:QQQ,QQQ,0,short,1776089700000,2026-04-13T14:15:00+00:00,2026-04-13T10:15:00-04:00,610.77,1776091200000,2026-04-13T14:40:00+00:00,2026-04-13T10:40:00-04:00,611.89,1.0,-1.242,0.122,Short,Short TP-SL,First Candle Short,TP o SL
BATS:QQQ,QQQ,1,short,1776363000000,2026-04-16T18:10:00+00:00,2026-04-16T14:10:00-04:00,638.71,1776366000000,2026-04-16T19:00:00+00:00,2026-04-16T15:00:00-04:00,639.77,1.0,-1.188,0.128,Short,Short TP-SL,First Candle Short,TP o SL
BATS:QQQ,QQQ,2,long,1776711000000,2026-04-20T18:50:00+00:00,2026-04-20T14:50:00-04:00,646.78,1776714600000,2026-04-20T19:50:00+00:00,2026-04-20T15:50:00-04:00,645.98,1.0,-0.929,0.129,Long,Long TP-SL,First Candle Long,TP o SL
BATS:QQQ,QQQ,3,short,1776782700000,2026-04-21T14:45:00+00:00,2026-04-21T10:45:00-04:00,648.04,1776783600000,2026-04-21T15:00:00+00:00,2026-04-21T11:00:00-04:00,645.61,1.0,2.301,0.129,Short,Short TP-SL,First Candle Short,TP o SL
BATS:QQQ,QQQ,4,short,1776959400000,2026-04-23T15:50:00+00:00,2026-04-23T11:50:00-04:00,654.7,1776964200000,2026-04-23T17:10:00+00:00,2026-04-23T13:10:00-04:00,651.71,1.0,2.859,0.131,Short,Short TP-SL,First Candle Short,TP o SL
BATS:QQQ,QQQ,5,short,1777041000000,2026-04-24T14:30:00+00:00,2026-04-24T10:30:00-04:00,658.07,1777041300000,2026-04-24T14:35:00+00:00,2026-04-24T10:35:00-04:00,659.27,1.0,-1.332,0.132,Short,Short TP-SL,First Candle Short,TP o SL
BATS:QQQ,QQQ,6,short,1777315500000,2026-04-27T18:45:00+00:00,2026-04-27T14:45:00-04:00,663.31,1777317300000,2026-04-27T19:15:00+00:00,2026-04-27T15:15:00-04:00,663.74,1.0,-0.563,0.133,Short,Short TP-SL,First Candle Short,TP o SL
BATS:QQQ,QQQ,7,long,1777388400000,2026-04-28T15:00:00+00:00,2026-04-28T11:00:00-04:00,655.52,1777390200000,2026-04-28T15:30:00+00:00,2026-04-28T11:30:00-04:00,654.08,1.0,-1.571,0.131,Long,Long TP-SL,First Candle Long,TP o SL
BATS:QQQ,QQQ,8,short,1777479600000,2026-04-29T16:20:00+00:00,2026-04-29T12:20:00-04:00,658.92,1777480200000,2026-04-29T16:30:00+00:00,2026-04-29T12:30:00-04:00,657.33,1.0,1.458,0.132,Short,Short TP-SL,First Candle Short,TP o SL
BATS:QQQ,QQQ,9,long,1777560300000,2026-04-30T14:45:00+00:00,2026-04-30T10:45:00-04:00,660.43,1777570200000,2026-04-30T17:30:00+00:00,2026-04-30T13:30:00-04:00,665.62,1.0,5.057,0.133,Long,Long TP-SL,First Candle Long,TP o SL
BATS:QQQ,QQQ,10,short,1777645800000,2026-05-01T14:30:00+00:00,2026-05-01T10:30:00-04:00,673.46,1777649700000,2026-05-01T15:35:00+00:00,2026-05-01T11:35:00-04:00,675.17,1.0,-1.845,0.135,Short,Short TP-SL,First Candle Short,TP o SL
BATS:QQQ,QQQ,11,short,1778169600000,2026-05-07T16:00:00+00:00,2026-05-07T12:00:00-04:00,696.72,1778174700000,2026-05-07T17:25:00+00:00,2026-05-07T13:25:00-04:00,692.23,1.0,4.351,0.139,Short,Short TP-SL,First Candle Short,TP o SL
BATS:QQQ,QQQ,12,long,1778510400000,2026-05-11T14:40:00+00:00,2026-05-11T10:40:00-04:00,711.77,1778529300000,2026-05-11T19:55:00+00:00,2026-05-11T15:55:00-04:00,713.35,1.0,1.437,0.143,Long,Close position order,First Candle Long,Cierre fin de sesión
BATS:QQQ,QQQ,13,long,1778595300000,2026-05-12T14:15:00+00:00,2026-05-12T10:15:00-04:00,708.35,1778595900000,2026-05-12T14:25:00+00:00,2026-05-12T10:25:00-04:00,705.69,1.0,-2.801,0.141,Long,Long TP-SL,First Candle Long,TP o SL
BATS:QQQ,QQQ,14,short,1778778900000,2026-05-14T17:15:00+00:00,2026-05-14T13:15:00-04:00,718.08,1778781000000,2026-05-14T17:50:00+00:00,2026-05-14T13:50:00-04:00,721.15,1.0,-3.214,0.144,Short,Short TP-SL,First Candle Short,TP o SL
BATS:QQQ,QQQ,15,short,1778860200000,2026-05-15T15:50:00+00:00,2026-05-15T11:50:00-04:00,709.27,1778862300000,2026-05-15T16:25:00+00:00,2026-05-15T12:25:00-04:00,711.45,1.0,-2.322,0.142,Short,Short TP-SL,First Candle Short,TP o SL
BATS:QQQ,QQQ,16,long,1779207900000,2026-05-19T16:25:00+00:00,2026-05-19T12:25:00-04:00,701.32,1779211200000,2026-05-19T17:20:00+00:00,2026-05-19T13:20:00-04:00,705.97,1.0,4.509,0.141,Long,Long TP-SL,First Candle Long,TP o SL
BATS:QQQ,QQQ,17,long,1779286800000,2026-05-20T14:20:00+00:00,2026-05-20T10:20:00-04:00,707.07,1779290100000,2026-05-20T15:15:00+00:00,2026-05-20T11:15:00-04:00,710.52,1.0,3.308,0.142,Long,Long TP-SL,First Candle Long,TP o SL
BATS:QQQ,QQQ,18,long,1779376500000,2026-05-21T15:15:00+00:00,2026-05-21T11:15:00-04:00,709.61,1779383700000,2026-05-21T17:15:00+00:00,2026-05-21T13:15:00-04:00,713.48,1.0,3.728,0.142,Long,Long TP-SL,First Candle Long,TP o SL
BATS:QQQ,QQQ,19,long,1779460500000,2026-05-22T14:35:00+00:00,2026-05-22T10:35:00-04:00,718.78,1779479700000,2026-05-22T19:55:00+00:00,2026-05-22T15:55:00-04:00,717.49,1.0,-1.434,0.144,Long,Close position order,First Candle Long,Cierre fin de sesión
BATS:QQQ,QQQ,20,short,1779810600000,2026-05-26T15:50:00+00:00,2026-05-26T11:50:00-04:00,726.15,1779812700000,2026-05-26T16:25:00+00:00,2026-05-26T12:25:00-04:00,728.08,1.0,-2.075,0.145,Short,Short TP-SL,First Candle Short,TP o SL
BATS:QQQ,QQQ,21,long,1779892800000,2026-05-27T14:40:00+00:00,2026-05-27T10:40:00-04:00,728.25,1779894000000,2026-05-27T15:00:00+00:00,2026-05-27T11:00:00-04:00,726.3,1.0,-2.095,0.145,Long,Long TP-SL,First Candle Long,TP o SL
BATS:QQQ,QQQ,22,short,1780064100000,2026-05-29T14:15:00+00:00,2026-05-29T10:15:00-04:00,738.71,1780084500000,2026-05-29T19:55:00+00:00,2026-05-29T15:55:00-04:00,738.27,1.0,0.292,0.148,Short,Close position order,First Candle Short,Cierre fin de sesión
BATS:QQQ,QQQ,23,short,1780410300000,2026-06-02T14:25:00+00:00,2026-06-02T10:25:00-04:00,742.49,1780411800000,2026-06-02T14:50:00+00:00,2026-06-02T10:50:00-04:00,744.31,1.0,-1.969,0.149,Short,Short TP-SL,First Candle Short,TP o SL
BATS:QQQ,QQQ,24,long,1780582500000,2026-06-04T14:15:00+00:00,2026-06-04T10:15:00-04:00,735.34,1780585500000,2026-06-04T15:05:00+00:00,2026-06-04T11:05:00-04:00,739.13,1.0,3.643,0.147,Long,Long TP-SL,First Candle Long,TP o SL
BATS:QQQ,QQQ,25,long,1780668900000,2026-06-05T14:15:00+00:00,2026-06-05T10:15:00-04:00,727.8,1780671900000,2026-06-05T15:05:00+00:00,2026-06-05T11:05:00-04:00,723.95,1.0,-3.995,0.145,Long,Long TP-SL,First Candle Long,TP o SL
BATS:QQQ,QQQ,26,long,1780928700000,2026-06-08T14:25:00+00:00,2026-06-08T10:25:00-04:00,717.56,1780931100000,2026-06-08T15:05:00+00:00,2026-06-08T11:05:00-04:00,722.45,1.0,4.746,0.144,Long,Long TP-SL,First Candle Long,TP o SL
BATS:QQQ,QQQ,27,short,1781102700000,2026-06-10T14:45:00+00:00,2026-06-10T10:45:00-04:00,706.07,1781113200000,2026-06-10T17:40:00+00:00,2026-06-10T13:40:00-04:00,696.0,1.0,9.93,0.14,Short,Short TP-SL,First Candle Short,TP o SL
BATS:QQQ,QQQ,28,short,1781190000000,2026-06-11T15:00:00+00:00,2026-06-11T11:00:00-04:00,697.46,1781190600000,2026-06-11T15:10:00+00:00,2026-06-11T11:10:00-04:00,700.09,1.0,-2.77,0.14,Short,Short TP-SL,First Candle Short,TP o SL
BATS:QQQ,QQQ,29,short,1781275500000,2026-06-12T14:45:00+00:00,2026-06-12T10:45:00-04:00,714.69,1781275800000,2026-06-12T14:50:00+00:00,2026-06-12T10:50:00-04:00,718.88,1.0,-4.333,0.143,Short,Short TP-SL,First Candle Short,TP o SL
BATS:QQQ,QQQ,30,long,1781705700000,2026-06-17T14:15:00+00:00,2026-06-17T10:15:00-04:00,733.88,1781707200000,2026-06-17T14:40:00+00:00,2026-06-17T10:40:00-04:00,731.78,1.0,-2.247,0.147,Long,Long TP-SL,First Candle Long,TP o SL
BATS:QQQ,QQQ,31,short,1781793000000,2026-06-18T14:30:00+00:00,2026-06-18T10:30:00-04:00,736.15,1781793900000,2026-06-18T14:45:00+00:00,2026-06-18T10:45:00-04:00,738.02,1.0,-2.017,0.147,Short,Short TP-SL,First Candle Short,TP o SL
BATS:QQQ,QQQ,32,short,1782138000000,2026-06-22T14:20:00+00:00,2026-06-22T10:20:00-04:00,741.53,1782144000000,2026-06-22T16:00:00+00:00,2026-06-22T12:00:00-04:00,734.52,1.0,6.862,0.148,Short,Short TP-SL,First Candle Short,TP o SL
BATS:QQQ,QQQ,33,short,1782227400000,2026-06-23T15:10:00+00:00,2026-06-23T11:10:00-04:00,717.37,1782230400000,2026-06-23T16:00:00+00:00,2026-06-23T12:00:00-04:00,718.92,1.0,-1.694,0.144,Short,Short TP-SL,First Candle Short,TP o SL
BATS:QQQ,QQQ,34,long,1782311400000,2026-06-24T14:30:00+00:00,2026-06-24T10:30:00-04:00,716.5,1782320700000,2026-06-24T17:05:00+00:00,2026-06-24T13:05:00-04:00,712.17,1.0,-4.473,0.143,Long,Long TP-SL,First Candle Long,TP o SL
BATS:QQQ,QQQ,35,short,1782499800000,2026-06-26T18:50:00+00:00,2026-06-26T14:50:00-04:00,708.66,1782500700000,2026-06-26T19:05:00+00:00,2026-06-26T15:05:00-04:00,709.87,1.0,-1.352,0.142,Short,Short TP-SL,First Candle Short,TP o SL
BATS:QQQ,QQQ,36,long,1782743700000,2026-06-29T14:35:00+00:00,2026-06-29T10:35:00-04:00,712.86,1782753000000,2026-06-29T17:10:00+00:00,2026-06-29T13:10:00-04:00,721.91,1.0,8.907,0.143,Long,Long TP-SL,First Candle Long,TP o SL
BATS:QQQ,QQQ,37,short,1782831300000,2026-06-30T14:55:00+00:00,2026-06-30T10:55:00-04:00,730.47,1782833100000,2026-06-30T15:25:00+00:00,2026-06-30T11:25:00-04:00,733.05,1.0,-2.726,0.146,Short,Short TP-SL,First Candle Short,TP o SL
BATS:QQQ,QQQ,38,short,1782916500000,2026-07-01T14:35:00+00:00,2026-07-01T10:35:00-04:00,729.75,1782916800000,2026-07-01T14:40:00+00:00,2026-07-01T10:40:00-04:00,728.33,1.0,1.274,0.146,Short,Short TP-SL,First Candle Short,TP o SL
BATS:QQQ,QQQ,39,short,1783350900000,2026-07-06T15:15:00+00:00,2026-07-06T11:15:00-04:00,723.3,1783351500000,2026-07-06T15:25:00+00:00,2026-07-06T11:25:00-04:00,724.46,1.0,-1.305,0.145,Short,Short TP-SL,First Candle Short,TP o SL
