symbol,hypothesis_id,session_date,timestamp,diagnostic,sweep_depth_ticks,scenario,equity_before_session,direction,actual_quantity
QQQ,HYP-FCR-03,2022-02-07,2022-02-07T16:10:00+00:00,low_exact_or_subtick_touch_rejected_by_strict_sweep,0.0,baseline,1024.3648128100003,,
QQQ,HYP-FCR-03,2022-04-07,2022-04-07T14:55:00+00:00,low_exact_or_subtick_touch_rejected_by_strict_sweep,0.0,baseline,1068.8565824700026,,
QQQ,HYP-FCR-03,2022-06-21,2022-06-21T17:35:00+00:00,high_exact_or_subtick_touch_rejected_by_strict_sweep,0.49999999999954525,baseline,1052.7999509400047,,
QQQ,HYP-FCR-03,2022-07-13,2022-07-13T14:30:00+00:00,high_exact_or_subtick_touch_rejected_by_strict_sweep,0.0,baseline,1047.1095151800057,,
QQQ,HYP-FCR-03,2022-09-22,2022-09-22T14:20:00+00:00,low_exact_or_subtick_touch_rejected_by_strict_sweep,0.0,baseline,1007.8474771500081,,
QQQ,HYP-FCR-03,2022-10-25,2022-10-25T16:50:00+00:00,high_exact_or_subtick_touch_rejected_by_strict_sweep,0.0,baseline,1023.4039279900087,,
QQQ,HYP-FCR-03,2022-11-02,2022-11-02T14:45:00+00:00,low_exact_or_subtick_touch_rejected_by_strict_sweep,0.0,baseline,1013.3370461200088,,
QQQ,HYP-FCR-03,2022-11-25,2022-11-25T15:30:00+00:00,high_exact_or_subtick_touch_rejected_by_strict_sweep,0.8300000000019736,baseline,1023.0115798600091,,
QQQ,HYP-FCR-03,2022-11-30,2022-11-30T15:50:00+00:00,low_exact_or_subtick_touch_rejected_by_strict_sweep,0.0,baseline,1020.5460205600093,,
QQQ,HYP-FCR-03,2023-03-22,2023-03-22T16:50:00+00:00,high_exact_or_subtick_touch_rejected_by_strict_sweep,0.0,baseline,1037.7153917900116,,
QQQ,HYP-FCR-03,2023-03-23,2023-03-23T18:15:00+00:00,high_exact_or_subtick_touch_rejected_by_strict_sweep,0.0,baseline,1041.4738097900115,,
QQQ,HYP-FCR-03,2023-06-13,2023-06-13T14:00:00+00:00,low_exact_or_subtick_touch_rejected_by_strict_sweep,0.0,baseline,1034.471876770013,,
QQQ,HYP-FCR-03,2023-06-22,2023-06-22T14:05:00+00:00,high_exact_or_subtick_touch_rejected_by_strict_sweep,0.0,baseline,1034.8563477700131,,
QQQ,HYP-FCR-03,2023-07-03,2023-07-03T16:25:00+00:00,low_exact_or_subtick_touch_rejected_by_strict_sweep,0.04000000000132786,baseline,1030.1813067100136,,
QQQ,HYP-FCR-03,2023-07-03,2023-07-03T16:30:00+00:00,low_exact_or_subtick_touch_rejected_by_strict_sweep,0.0,baseline,1030.1813067100136,,
QQQ,HYP-FCR-03,2023-07-13,2023-07-13T15:05:00+00:00,high_exact_or_subtick_touch_rejected_by_strict_sweep,0.32000000000493856,baseline,1038.3985126700138,,
QQQ,HYP-FCR-03,2023-08-18,2023-08-18T14:05:00+00:00,low_exact_or_subtick_touch_rejected_by_strict_sweep,0.0,baseline,1031.812749110015,,
QQQ,HYP-FCR-03,2023-08-25,2023-08-25T14:10:00+00:00,low_exact_or_subtick_touch_rejected_by_strict_sweep,0.0,baseline,1034.949536110015,,
QQQ,HYP-FCR-03,2023-08-28,2023-08-28T16:00:00+00:00,low_exact_or_subtick_touch_rejected_by_strict_sweep,0.0,baseline,1036.654097110015,,
QQQ,HYP-FCR-03,2023-09-07,2023-09-07T15:25:00+00:00,high_exact_or_subtick_touch_rejected_by_strict_sweep,0.0,baseline,1033.023649150015,,
QQQ,HYP-FCR-03,2023-09-26,2023-09-26T16:40:00+00:00,low_exact_or_subtick_touch_rejected_by_strict_sweep,0.889999999998281,baseline,1038.7515399100155,,
QQQ,HYP-FCR-03,2023-10-18,2023-10-18T14:00:00+00:00,low_exact_or_subtick_touch_rejected_by_strict_sweep,0.0,baseline,1039.5313569300154,,
QQQ,HYP-FCR-03,2023-10-24,2023-10-24T14:20:00+00:00,high_exact_or_subtick_touch_rejected_by_strict_sweep,0.0,baseline,1042.7203249300155,,
QQQ,HYP-FCR-03,2023-10-27,2023-10-27T14:20:00+00:00,high_exact_or_subtick_touch_rejected_by_strict_sweep,0.0,baseline,1039.9610913300155,,
QQQ,HYP-FCR-03,2023-11-01,2023-11-01T14:15:00+00:00,high_exact_or_subtick_touch_rejected_by_strict_sweep,0.0,baseline,1033.2815695700156,,
QQQ,HYP-FCR-03,2023-11-06,2023-11-06T15:05:00+00:00,low_exact_or_subtick_touch_rejected_by_strict_sweep,0.49999999999954525,baseline,1033.4803025700155,,
QQQ,HYP-FCR-03,2023-11-21,2023-11-21T17:50:00+00:00,low_exact_or_subtick_touch_rejected_by_strict_sweep,0.0,baseline,1023.799488870016,,
QQQ,HYP-FCR-03,2023-11-24,2023-11-24T16:25:00+00:00,low_exact_or_subtick_touch_rejected_by_strict_sweep,0.0,baseline,1021.2082048700162,,
QQQ,HYP-FCR-03,2023-11-24,2023-11-24T17:55:00+00:00,no_next_minute_entry,,baseline,1021.2082048700162,long,2.0
QQQ,HYP-FCR-03,2023-12-13,2023-12-13T16:55:00+00:00,low_exact_or_subtick_touch_rejected_by_strict_sweep,0.0,baseline,1006.6834448300167,,
QQQ,HYP-FCR-03,2023-12-22,2023-12-22T16:35:00+00:00,low_exact_or_subtick_touch_rejected_by_strict_sweep,0.0,baseline,1006.1322228100169,,
QQQ,HYP-FCR-03,2024-01-04,2024-01-04T19:50:00+00:00,high_exact_or_subtick_touch_rejected_by_strict_sweep,0.0,baseline,996.6047178100168,,
QQQ,HYP-FCR-03,2024-02-01,2024-02-01T15:50:00+00:00,high_exact_or_subtick_touch_rejected_by_strict_sweep,0.009999999997489795,baseline,996.7995038300178,,
QQQ,HYP-FCR-03,2024-05-15,2024-05-15T14:15:00+00:00,high_exact_or_subtick_touch_rejected_by_strict_sweep,0.0,baseline,982.2018275300189,,
QQQ,HYP-FCR-03,2024-05-20,2024-05-20T14:30:00+00:00,high_exact_or_subtick_touch_rejected_by_strict_sweep,0.0,baseline,985.5901685300191,,
QQQ,HYP-FCR-03,2024-05-21,2024-05-21T14:10:00+00:00,high_exact_or_subtick_touch_rejected_by_strict_sweep,0.0,baseline,984.1881185500191,,
QQQ,HYP-FCR-03,2024-06-06,2024-06-06T14:00:00+00:00,low_exact_or_subtick_touch_rejected_by_strict_sweep,0.0,baseline,975.8354785500192,,
QQQ,HYP-FCR-03,2024-06-06,2024-06-06T18:15:00+00:00,low_exact_or_subtick_touch_rejected_by_strict_sweep,0.9900000000016007,baseline,975.8354785500192,,
QQQ,HYP-FCR-03,2024-07-15,2024-07-15T14:00:00+00:00,high_exact_or_subtick_touch_rejected_by_strict_sweep,0.0,baseline,966.9436380100195,,
QQQ,HYP-FCR-03,2024-07-23,2024-07-23T14:45:00+00:00,low_exact_or_subtick_touch_rejected_by_strict_sweep,0.0,baseline,971.9529220100197,,
QQQ,HYP-FCR-03,2024-11-08,2024-11-08T15:35:00+00:00,low_exact_or_subtick_touch_rejected_by_strict_sweep,0.0,baseline,947.353969920022,,
QQQ,HYP-FCR-03,2024-11-08,2024-11-08T15:40:00+00:00,low_exact_or_subtick_touch_rejected_by_strict_sweep,0.49999999999954525,baseline,947.353969920022,,
QQQ,HYP-FCR-03,2024-12-17,2024-12-17T16:05:00+00:00,low_exact_or_subtick_touch_rejected_by_strict_sweep,0.0,baseline,935.1665837900221,,
QQQ,HYP-FCR-03,2022-02-07,2022-02-07T16:10:00+00:00,low_exact_or_subtick_touch_rejected_by_strict_sweep,0.0,stress,1021.0915256200009,,
QQQ,HYP-FCR-03,2022-04-07,2022-04-07T14:55:00+00:00,low_exact_or_subtick_touch_rejected_by_strict_sweep,0.0,stress,1057.831238960004,,
QQQ,HYP-FCR-03,2022-06-21,2022-06-21T17:35:00+00:00,high_exact_or_subtick_touch_rejected_by_strict_sweep,0.49999999999954525,stress,1030.721669880007,,
QQQ,HYP-FCR-03,2022-07-13,2022-07-13T14:30:00+00:00,high_exact_or_subtick_touch_rejected_by_strict_sweep,0.0,stress,1022.5643983600087,,
QQQ,HYP-FCR-03,2022-09-22,2022-09-22T14:20:00+00:00,low_exact_or_subtick_touch_rejected_by_strict_sweep,0.0,stress,977.338286300013,,
QQQ,HYP-FCR-03,2022-10-25,2022-10-25T16:50:00+00:00,high_exact_or_subtick_touch_rejected_by_strict_sweep,0.0,stress,989.6813879800138,,
QQQ,HYP-FCR-03,2022-11-02,2022-11-02T14:45:00+00:00,low_exact_or_subtick_touch_rejected_by_strict_sweep,0.0,stress,978.7057242400142,,
QQQ,HYP-FCR-03,2022-11-25,2022-11-25T15:30:00+00:00,high_exact_or_subtick_touch_rejected_by_strict_sweep,0.8300000000019736,stress,986.3992797200146,,
QQQ,HYP-FCR-03,2022-11-30,2022-11-30T15:50:00+00:00,low_exact_or_subtick_touch_rejected_by_strict_sweep,0.0,stress,983.2411611200149,,
QQQ,HYP-FCR-03,2023-03-22,2023-03-22T16:50:00+00:00,high_exact_or_subtick_touch_rejected_by_strict_sweep,0.0,stress,987.9542035800198,,
QQQ,HYP-FCR-03,2023-03-23,2023-03-23T18:15:00+00:00,high_exact_or_subtick_touch_rejected_by_strict_sweep,0.0,stress,991.6310395800198,,
QQQ,HYP-FCR-03,2023-06-13,2023-06-13T14:00:00+00:00,low_exact_or_subtick_touch_rejected_by_strict_sweep,0.0,stress,979.1726225400228,,
QQQ,HYP-FCR-03,2023-06-22,2023-06-22T14:05:00+00:00,high_exact_or_subtick_touch_rejected_by_strict_sweep,0.0,stress,978.811564540023,,
QQQ,HYP-FCR-03,2023-07-03,2023-07-03T16:25:00+00:00,low_exact_or_subtick_touch_rejected_by_strict_sweep,0.04000000000132786,stress,972.8388824200237,,
QQQ,HYP-FCR-03,2023-07-03,2023-07-03T16:30:00+00:00,low_exact_or_subtick_touch_rejected_by_strict_sweep,0.0,stress,972.8388824200237,,
QQQ,HYP-FCR-03,2023-07-13,2023-07-13T15:05:00+00:00,high_exact_or_subtick_touch_rejected_by_strict_sweep,0.32000000000493856,stress,979.9328943400242,,
QQQ,HYP-FCR-03,2023-08-18,2023-08-18T14:05:00+00:00,low_exact_or_subtick_touch_rejected_by_strict_sweep,0.0,stress,969.7365672200254,,
QQQ,HYP-FCR-03,2023-08-25,2023-08-25T14:10:00+00:00,low_exact_or_subtick_touch_rejected_by_strict_sweep,0.0,stress,972.3201412200258,,
QQQ,HYP-FCR-03,2023-08-28,2023-08-28T16:00:00+00:00,low_exact_or_subtick_touch_rejected_by_strict_sweep,0.0,stress,973.8392632200258,,
QQQ,HYP-FCR-03,2023-09-07,2023-09-07T15:25:00+00:00,high_exact_or_subtick_touch_rejected_by_strict_sweep,0.0,stress,969.2587673000259,,
QQQ,HYP-FCR-03,2023-09-26,2023-09-26T16:40:00+00:00,low_exact_or_subtick_touch_rejected_by_strict_sweep,0.889999999998281,stress,972.922148820027,,
QQQ,HYP-FCR-03,2023-10-18,2023-10-18T14:00:00+00:00,low_exact_or_subtick_touch_rejected_by_strict_sweep,0.0,stress,972.4115828600269,,
QQQ,HYP-FCR-03,2023-10-24,2023-10-24T14:20:00+00:00,high_exact_or_subtick_touch_rejected_by_strict_sweep,0.0,stress,975.229518860027,,
QQQ,HYP-FCR-03,2023-10-27,2023-10-27T14:20:00+00:00,high_exact_or_subtick_touch_rejected_by_strict_sweep,0.0,stress,971.9270516600272,,
QQQ,HYP-FCR-03,2023-11-01,2023-11-01T14:15:00+00:00,high_exact_or_subtick_touch_rejected_by_strict_sweep,0.0,stress,964.7104081400274,,
QQQ,HYP-FCR-03,2023-11-06,2023-11-06T15:05:00+00:00,low_exact_or_subtick_touch_rejected_by_strict_sweep,0.49999999999954525,stress,964.5378741400274,,
QQQ,HYP-FCR-03,2023-11-21,2023-11-21T17:50:00+00:00,low_exact_or_subtick_touch_rejected_by_strict_sweep,0.0,stress,953.319246740028,,
QQQ,HYP-FCR-03,2023-11-24,2023-11-24T16:25:00+00:00,low_exact_or_subtick_touch_rejected_by_strict_sweep,0.0,stress,950.3366787400282,,
QQQ,HYP-FCR-03,2023-11-24,2023-11-24T17:55:00+00:00,no_next_minute_entry,,stress,950.3366787400282,long,2.0
QQQ,HYP-FCR-03,2023-12-13,2023-12-13T16:55:00+00:00,low_exact_or_subtick_touch_rejected_by_strict_sweep,0.0,stress,934.2471586600291,,
QQQ,HYP-FCR-03,2023-12-22,2023-12-22T16:35:00+00:00,low_exact_or_subtick_touch_rejected_by_strict_sweep,0.0,stress,932.8849146200295,,
QQQ,HYP-FCR-03,2024-01-04,2024-01-04T19:50:00+00:00,high_exact_or_subtick_touch_rejected_by_strict_sweep,0.0,stress,922.13990462003,,
QQQ,HYP-FCR-03,2024-02-01,2024-02-01T15:50:00+00:00,high_exact_or_subtick_touch_rejected_by_strict_sweep,0.009999999997489795,stress,919.4572766600315,,
QQQ,HYP-FCR-03,2024-05-15,2024-05-15T14:15:00+00:00,high_exact_or_subtick_touch_rejected_by_strict_sweep,0.0,stress,895.2193240600341,,
QQQ,HYP-FCR-03,2024-05-20,2024-05-20T14:30:00+00:00,high_exact_or_subtick_touch_rejected_by_strict_sweep,0.0,stress,896.6926650600342,,
QQQ,HYP-FCR-03,2024-05-21,2024-05-21T14:10:00+00:00,high_exact_or_subtick_touch_rejected_by_strict_sweep,0.0,stress,895.8807150800342,,
QQQ,HYP-FCR-03,2024-06-06,2024-06-06T14:00:00+00:00,low_exact_or_subtick_touch_rejected_by_strict_sweep,0.0,stress,891.1480750800343,,
QQQ,HYP-FCR-03,2024-06-06,2024-06-06T18:15:00+00:00,low_exact_or_subtick_touch_rejected_by_strict_sweep,0.9900000000016007,stress,891.1480750800343,,
QQQ,HYP-FCR-03,2024-07-15,2024-07-15T14:00:00+00:00,high_exact_or_subtick_touch_rejected_by_strict_sweep,0.0,stress,887.6038888600349,,
QQQ,HYP-FCR-03,2024-07-23,2024-07-23T14:45:00+00:00,low_exact_or_subtick_touch_rejected_by_strict_sweep,0.0,stress,890.7599758600351,,
QQQ,HYP-FCR-03,2024-11-08,2024-11-08T15:35:00+00:00,low_exact_or_subtick_touch_rejected_by_strict_sweep,0.0,stress,867.9312657600377,,
QQQ,HYP-FCR-03,2024-11-08,2024-11-08T15:40:00+00:00,low_exact_or_subtick_touch_rejected_by_strict_sweep,0.49999999999954525,stress,867.9312657600377,,
QQQ,HYP-FCR-03,2024-12-17,2024-12-17T16:05:00+00:00,low_exact_or_subtick_touch_rejected_by_strict_sweep,0.0,stress,853.7779935000382,,
QQQ,HYP-FCR-03,2022-02-07,2022-02-07T16:10:00+00:00,low_exact_or_subtick_touch_rejected_by_strict_sweep,0.0,severe,1017.8182384300015,,
QQQ,HYP-FCR-03,2022-04-07,2022-04-07T14:55:00+00:00,low_exact_or_subtick_touch_rejected_by_strict_sweep,0.0,severe,1049.9286124400057,,
QQQ,HYP-FCR-03,2022-06-21,2022-06-21T17:35:00+00:00,high_exact_or_subtick_touch_rejected_by_strict_sweep,0.49999999999954525,severe,1017.5537968200103,,
QQQ,HYP-FCR-03,2022-07-13,2022-07-13T14:30:00+00:00,high_exact_or_subtick_touch_rejected_by_strict_sweep,0.0,severe,1006.9296895400126,,
QQQ,HYP-FCR-03,2022-09-22,2022-09-22T14:20:00+00:00,low_exact_or_subtick_touch_rejected_by_strict_sweep,0.0,severe,955.4635104500188,,
QQQ,HYP-FCR-03,2022-10-25,2022-10-25T16:50:00+00:00,high_exact_or_subtick_touch_rejected_by_strict_sweep,0.0,severe,961.5415989700207,,
QQQ,HYP-FCR-03,2022-11-02,2022-11-02T14:45:00+00:00,low_exact_or_subtick_touch_rejected_by_strict_sweep,0.0,severe,949.6571533600213,,
QQQ,HYP-FCR-03,2022-11-25,2022-11-25T15:30:00+00:00,high_exact_or_subtick_touch_rejected_by_strict_sweep,0.8300000000019736,severe,955.0837865800224,,
QQQ,HYP-FCR-03,2022-11-30,2022-11-30T15:50:00+00:00,low_exact_or_subtick_touch_rejected_by_strict_sweep,0.0,severe,951.2331086800228,,
QQQ,HYP-FCR-03,2023-03-22,2023-03-22T16:50:00+00:00,high_exact_or_subtick_touch_rejected_by_strict_sweep,0.0,severe,939.0366513700307,,
QQQ,HYP-FCR-03,2023-03-23,2023-03-23T18:15:00+00:00,high_exact_or_subtick_touch_rejected_by_strict_sweep,0.0,severe,942.6319053700307,,
QQQ,HYP-FCR-03,2023-06-13,2023-06-13T14:00:00+00:00,low_exact_or_subtick_touch_rejected_by_strict_sweep,0.0,severe,920.1405836700347,,
QQQ,HYP-FCR-03,2023-06-22,2023-06-22T14:05:00+00:00,high_exact_or_subtick_touch_rejected_by_strict_sweep,0.0,severe,919.0339966700352,,
QQQ,HYP-FCR-03,2023-07-03,2023-07-03T16:25:00+00:00,low_exact_or_subtick_touch_rejected_by_strict_sweep,0.04000000000132786,severe,911.763673490036,,
QQQ,HYP-FCR-03,2023-07-03,2023-07-03T16:30:00+00:00,low_exact_or_subtick_touch_rejected_by_strict_sweep,0.0,severe,911.763673490036,,
QQQ,HYP-FCR-03,2023-07-13,2023-07-13T15:05:00+00:00,high_exact_or_subtick_touch_rejected_by_strict_sweep,0.32000000000493856,severe,917.7344913700367,,
QQQ,HYP-FCR-03,2023-08-18,2023-08-18T14:05:00+00:00,low_exact_or_subtick_touch_rejected_by_strict_sweep,0.0,severe,903.9276006900388,,
QQQ,HYP-FCR-03,2023-08-25,2023-08-25T14:10:00+00:00,low_exact_or_subtick_touch_rejected_by_strict_sweep,0.0,severe,905.9579616900393,,
QQQ,HYP-FCR-03,2023-08-28,2023-08-28T16:00:00+00:00,low_exact_or_subtick_touch_rejected_by_strict_sweep,0.0,severe,907.2916446900393,,
QQQ,HYP-FCR-03,2023-09-07,2023-09-07T15:25:00+00:00,high_exact_or_subtick_touch_rejected_by_strict_sweep,0.0,severe,901.7611008100397,,
QQQ,HYP-FCR-03,2023-09-26,2023-09-26T16:40:00+00:00,low_exact_or_subtick_touch_rejected_by_strict_sweep,0.889999999998281,severe,903.3599730900412,,
QQQ,HYP-FCR-03,2023-10-18,2023-10-18T14:00:00+00:00,low_exact_or_subtick_touch_rejected_by_strict_sweep,0.0,severe,901.5590241500415,,
QQQ,HYP-FCR-03,2023-10-24,2023-10-24T14:20:00+00:00,high_exact_or_subtick_touch_rejected_by_strict_sweep,0.0,severe,904.0059281500418,,
QQQ,HYP-FCR-03,2023-10-27,2023-10-27T14:20:00+00:00,high_exact_or_subtick_touch_rejected_by_strict_sweep,0.0,severe,900.1602273500421,,
QQQ,HYP-FCR-03,2023-11-01,2023-11-01T14:15:00+00:00,high_exact_or_subtick_touch_rejected_by_strict_sweep,0.0,severe,892.4064620700425,,
QQQ,HYP-FCR-03,2023-11-06,2023-11-06T15:05:00+00:00,low_exact_or_subtick_touch_rejected_by_strict_sweep,0.49999999999954525,severe,891.8626610700426,,
QQQ,HYP-FCR-03,2023-11-21,2023-11-21T17:50:00+00:00,low_exact_or_subtick_touch_rejected_by_strict_sweep,0.0,severe,879.1062199700434,,
QQQ,HYP-FCR-03,2023-11-24,2023-11-24T16:25:00+00:00,low_exact_or_subtick_touch_rejected_by_strict_sweep,0.0,severe,875.7323679700437,,
QQQ,HYP-FCR-03,2023-11-24,2023-11-24T17:55:00+00:00,no_next_minute_entry,,severe,875.7323679700437,long,2.0
QQQ,HYP-FCR-03,2023-12-13,2023-12-13T16:55:00+00:00,low_exact_or_subtick_touch_rejected_by_strict_sweep,0.0,severe,858.0780878500447,,
QQQ,HYP-FCR-03,2023-12-22,2023-12-22T16:35:00+00:00,low_exact_or_subtick_touch_rejected_by_strict_sweep,0.0,severe,855.904821790045,,
QQQ,HYP-FCR-03,2024-01-04,2024-01-04T19:50:00+00:00,high_exact_or_subtick_touch_rejected_by_strict_sweep,0.0,severe,843.9423067900457,,
QQQ,HYP-FCR-03,2024-02-01,2024-02-01T15:50:00+00:00,high_exact_or_subtick_touch_rejected_by_strict_sweep,0.009999999997489795,severe,839.7600688000474,,
QQQ,HYP-FCR-03,2024-05-15,2024-05-15T14:15:00+00:00,high_exact_or_subtick_touch_rejected_by_strict_sweep,0.0,severe,823.6388683500496,,
QQQ,HYP-FCR-03,2024-05-20,2024-05-20T14:30:00+00:00,high_exact_or_subtick_touch_rejected_by_strict_sweep,0.0,severe,824.8913798500497,,
QQQ,HYP-FCR-03,2024-05-21,2024-05-21T14:10:00+00:00,high_exact_or_subtick_touch_rejected_by_strict_sweep,0.0,severe,823.9685048800497,,
QQQ,HYP-FCR-03,2024-06-06,2024-06-06T14:00:00+00:00,low_exact_or_subtick_touch_rejected_by_strict_sweep,0.0,severe,818.67954488005,,
QQQ,HYP-FCR-03,2024-06-06,2024-06-06T18:15:00+00:00,low_exact_or_subtick_touch_rejected_by_strict_sweep,0.9900000000016007,severe,818.67954488005,,
QQQ,HYP-FCR-03,2024-07-15,2024-07-15T14:00:00+00:00,high_exact_or_subtick_touch_rejected_by_strict_sweep,0.0,severe,812.921515550051,,
QQQ,HYP-FCR-03,2024-07-23,2024-07-23T14:45:00+00:00,low_exact_or_subtick_touch_rejected_by_strict_sweep,0.0,severe,815.7231460500512,,
QQQ,HYP-FCR-03,2024-11-08,2024-11-08T15:35:00+00:00,low_exact_or_subtick_touch_rejected_by_strict_sweep,0.0,severe,786.7790309000545,,
QQQ,HYP-FCR-03,2024-11-08,2024-11-08T15:40:00+00:00,low_exact_or_subtick_touch_rejected_by_strict_sweep,0.49999999999954525,severe,786.7790309000545,,
QQQ,HYP-FCR-03,2024-12-17,2024-12-17T16:05:00+00:00,low_exact_or_subtick_touch_rejected_by_strict_sweep,0.0,severe,770.6598725100555,,
SPY,HYP-FCR-03,2022-01-19,2022-01-19T17:25:00+00:00,low_exact_or_subtick_touch_rejected_by_strict_sweep,0.0,baseline,992.1554580000003,,
SPY,HYP-FCR-03,2022-02-18,2022-02-18T15:15:00+00:00,high_exact_or_subtick_touch_rejected_by_strict_sweep,0.0,baseline,1018.0374508800007,,
SPY,HYP-FCR-03,2022-04-12,2022-04-12T14:55:00+00:00,low_exact_or_subtick_touch_rejected_by_strict_sweep,0.0,baseline,1041.167989220001,,
SPY,HYP-FCR-03,2022-04-14,2022-04-14T15:30:00+00:00,low_exact_or_subtick_touch_rejected_by_strict_sweep,0.0,baseline,1038.500794220001,,
SPY,HYP-FCR-03,2022-04-25,2022-04-25T14:20:00+00:00,low_exact_or_subtick_touch_rejected_by_strict_sweep,0.0,baseline,1043.4072162200007,,
SPY,HYP-FCR-03,2022-05-09,2022-05-09T16:15:00+00:00,low_exact_or_subtick_touch_rejected_by_strict_sweep,0.0,baseline,1042.3248623200006,,
SPY,HYP-FCR-03,2022-05-10,2022-05-10T18:05:00+00:00,low_exact_or_subtick_touch_rejected_by_strict_sweep,0.49999999999954525,baseline,1039.5644183200006,,
SPY,HYP-FCR-03,2022-06-17,2022-06-17T15:35:00+00:00,low_exact_or_subtick_touch_rejected_by_strict_sweep,0.0,baseline,1031.5012871800013,,
SPY,HYP-FCR-03,2022-07-19,2022-07-19T14:05:00+00:00,high_exact_or_subtick_touch_rejected_by_strict_sweep,0.0,baseline,1029.6309327400013,,
SPY,HYP-FCR-03,2022-08-08,2022-08-08T14:00:00+00:00,high_exact_or_subtick_touch_rejected_by_strict_sweep,0.0,baseline,1012.0648500400017,,
SPY,HYP-FCR-03,2022-08-11,2022-08-11T16:55:00+00:00,low_exact_or_subtick_touch_rejected_by_strict_sweep,0.0,baseline,1011.6923700800019,,
SPY,HYP-FCR-03,2022-09-16,2022-09-16T15:15:00+00:00,high_exact_or_subtick_touch_rejected_by_strict_sweep,0.0,baseline,995.2601365800022,,
SPY,HYP-FCR-03,2022-09-23,2022-09-23T14:45:00+00:00,low_exact_or_subtick_touch_rejected_by_strict_sweep,0.0,baseline,985.4945886000024,,
SPY,HYP-FCR-03,2022-11-02,2022-11-02T15:25:00+00:00,low_exact_or_subtick_touch_rejected_by_strict_sweep,0.5000000000052296,baseline,1007.1517324200038,,
SPY,HYP-FCR-03,2022-11-16,2022-11-16T17:20:00+00:00,low_exact_or_subtick_touch_rejected_by_strict_sweep,0.9100000000046293,baseline,1010.0516005200043,,
SPY,HYP-FCR-03,2022-11-25,2022-11-25T16:25:00+00:00,high_exact_or_subtick_touch_rejected_by_strict_sweep,0.0,baseline,1000.0710573800045,,
SPY,HYP-FCR-03,2022-12-05,2022-12-05T15:45:00+00:00,low_exact_or_subtick_touch_rejected_by_strict_sweep,0.0,baseline,995.7139933800047,,
SPY,HYP-FCR-03,2023-01-10,2023-01-10T15:25:00+00:00,high_exact_or_subtick_touch_rejected_by_strict_sweep,0.49999999999954525,baseline,985.9894143800052,,
SPY,HYP-FCR-03,2023-01-19,2023-01-19T17:15:00+00:00,low_exact_or_subtick_touch_rejected_by_strict_sweep,0.9599999999977626,baseline,982.9792843800052,,
SPY,HYP-FCR-03,2023-02-10,2023-02-10T16:30:00+00:00,high_exact_or_subtick_touch_rejected_by_strict_sweep,0.0,baseline,993.6150806200053,,
SPY,HYP-FCR-03,2023-02-22,2023-02-22T17:15:00+00:00,low_exact_or_subtick_touch_rejected_by_strict_sweep,0.8000000000038199,baseline,990.7695716200052,,
SPY,HYP-FCR-03,2023-02-24,2023-02-24T15:10:00+00:00,low_exact_or_subtick_touch_rejected_by_strict_sweep,0.0,baseline,987.4692736200053,,
SPY,HYP-FCR-03,2023-04-06,2023-04-06T15:00:00+00:00,high_exact_or_subtick_touch_rejected_by_strict_sweep,0.0,baseline,991.8564934200064,,
SPY,HYP-FCR-03,2023-04-24,2023-04-24T14:25:00+00:00,high_exact_or_subtick_touch_rejected_by_strict_sweep,0.6399999999985084,baseline,987.0133431600066,,
SPY,HYP-FCR-03,2023-04-24,2023-04-24T17:50:00+00:00,low_exact_or_subtick_touch_rejected_by_strict_sweep,0.0,baseline,987.0133431600066,,
SPY,HYP-FCR-03,2023-05-11,2023-05-11T14:30:00+00:00,low_exact_or_subtick_touch_rejected_by_strict_sweep,0.0,baseline,974.4111551600074,,
SPY,HYP-FCR-03,2023-05-19,2023-05-19T14:35:00+00:00,high_exact_or_subtick_touch_rejected_by_strict_sweep,0.0,baseline,973.4675661600074,,
SPY,HYP-FCR-03,2023-06-01,2023-06-01T14:05:00+00:00,high_exact_or_subtick_touch_rejected_by_strict_sweep,0.4700000000013915,baseline,966.3262231600077,,
SPY,HYP-FCR-03,2023-06-09,2023-06-09T15:00:00+00:00,high_exact_or_subtick_touch_rejected_by_strict_sweep,0.0,baseline,969.3955911400076,,
SPY,HYP-FCR-03,2023-06-14,2023-06-14T17:10:00+00:00,high_exact_or_subtick_touch_rejected_by_strict_sweep,0.0,baseline,970.5766291400079,,
SPY,HYP-FCR-03,2023-07-03,2023-07-03T14:25:00+00:00,high_exact_or_subtick_touch_rejected_by_strict_sweep,0.0,baseline,965.2294294000083,,
SPY,HYP-FCR-03,2023-07-03,2023-07-03T15:20:00+00:00,high_exact_or_subtick_touch_rejected_by_strict_sweep,0.49999999999954525,baseline,965.2294294000083,,
SPY,HYP-FCR-03,2023-07-13,2023-07-13T15:05:00+00:00,high_exact_or_subtick_touch_rejected_by_strict_sweep,0.0,baseline,971.5356879200083,,
SPY,HYP-FCR-03,2023-07-31,2023-07-31T16:55:00+00:00,low_exact_or_subtick_touch_rejected_by_strict_sweep,0.0,baseline,969.6754209800084,,
SPY,HYP-FCR-03,2023-08-01,2023-08-01T14:40:00+00:00,low_exact_or_subtick_touch_rejected_by_strict_sweep,0.0,baseline,968.5927669800085,,
SPY,HYP-FCR-03,2023-08-03,2023-08-03T14:05:00+00:00,high_exact_or_subtick_touch_rejected_by_strict_sweep,0.0,baseline,967.6102789800085,,
SPY,HYP-FCR-03,2023-09-05,2023-09-05T14:00:00+00:00,low_exact_or_subtick_touch_rejected_by_strict_sweep,0.0,baseline,968.6674811000094,,
SPY,HYP-FCR-03,2023-09-07,2023-09-07T14:35:00+00:00,low_exact_or_subtick_touch_rejected_by_strict_sweep,0.49999999999954525,baseline,967.2275351000094,,
SPY,HYP-FCR-03,2023-10-11,2023-10-11T19:30:00+00:00,low_exact_or_subtick_touch_rejected_by_strict_sweep,0.0,baseline,972.1594032600094,,
SPY,HYP-FCR-03,2023-11-20,2023-11-20T15:40:00+00:00,high_exact_or_subtick_touch_rejected_by_strict_sweep,0.0,baseline,963.3952894600101,,
SPY,HYP-FCR-03,2023-11-27,2023-11-27T17:05:00+00:00,high_exact_or_subtick_touch_rejected_by_strict_sweep,0.49999999999954525,baseline,960.4701474600103,,
SPY,HYP-FCR-03,2023-11-27,2023-11-27T17:45:00+00:00,high_exact_or_subtick_touch_rejected_by_strict_sweep,0.49999999999954525,baseline,960.4701474600103,,
SPY,HYP-FCR-03,2023-11-27,2023-11-27T18:25:00+00:00,high_exact_or_subtick_touch_rejected_by_strict_sweep,0.40000000000190994,baseline,960.4701474600103,,
SPY,HYP-FCR-03,2023-12-14,2023-12-14T16:45:00+00:00,low_exact_or_subtick_touch_rejected_by_strict_sweep,0.49999999999954525,baseline,954.5378849400104,,
SPY,HYP-FCR-03,2023-12-21,2023-12-21T15:25:00+00:00,low_exact_or_subtick_touch_rejected_by_strict_sweep,0.0,baseline,953.5922139600104,,
SPY,HYP-FCR-03,2023-12-22,2023-12-22T17:25:00+00:00,low_exact_or_subtick_touch_rejected_by_strict_sweep,0.0,baseline,952.5036639600106,,
SPY,HYP-FCR-03,2023-12-27,2023-12-27T15:00:00+00:00,high_exact_or_subtick_touch_rejected_by_strict_sweep,0.0,baseline,951.5139879600107,,
SPY,HYP-FCR-03,2024-01-17,2024-01-17T15:00:00+00:00,low_exact_or_subtick_touch_rejected_by_strict_sweep,0.0,baseline,948.4147003200111,,
SPY,HYP-FCR-03,2024-02-20,2024-02-20T15:00:00+00:00,low_exact_or_subtick_touch_rejected_by_strict_sweep,0.0,baseline,939.2478426600113,,
SPY,HYP-FCR-03,2024-02-29,2024-02-29T19:20:00+00:00,low_exact_or_subtick_touch_rejected_by_strict_sweep,0.49999999999954525,baseline,935.2601452600115,,
SPY,HYP-FCR-03,2024-03-04,2024-03-04T20:50:00+00:00,high_exact_or_subtick_touch_rejected_by_strict_sweep,0.0,baseline,935.8584172600115,,
SPY,HYP-FCR-03,2024-03-13,2024-03-13T14:05:00+00:00,low_exact_or_subtick_touch_rejected_by_strict_sweep,0.49999999999954525,baseline,939.1939947600116,,
SPY,HYP-FCR-03,2024-03-26,2024-03-26T14:25:00+00:00,high_exact_or_subtick_touch_rejected_by_strict_sweep,0.009999999997489795,baseline,939.2317162600119,,
SPY,HYP-FCR-03,2024-04-04,2024-04-04T14:25:00+00:00,low_exact_or_subtick_touch_rejected_by_strict_sweep,0.0,baseline,941.6398042900119,,
SPY,HYP-FCR-03,2024-04-24,2024-04-24T14:15:00+00:00,low_exact_or_subtick_touch_rejected_by_strict_sweep,0.0,baseline,943.632941490012,,
SPY,HYP-FCR-03,2024-04-24,2024-04-24T14:20:00+00:00,low_exact_or_subtick_touch_rejected_by_strict_sweep,0.0,baseline,943.632941490012,,
SPY,HYP-FCR-03,2024-04-30,2024-04-30T14:00:00+00:00,high_exact_or_subtick_touch_rejected_by_strict_sweep,0.009999999997489795,baseline,945.860772500012,,
SPY,HYP-FCR-03,2024-05-06,2024-05-06T16:00:00+00:00,high_exact_or_subtick_touch_rejected_by_strict_sweep,0.0,baseline,941.136340500012,,
SPY,HYP-FCR-03,2024-05-20,2024-05-20T14:00:00+00:00,high_exact_or_subtick_touch_rejected_by_strict_sweep,0.0,baseline,937.2918589600123,,
SPY,HYP-FCR-03,2024-05-20,2024-05-20T14:15:00+00:00,high_exact_or_subtick_touch_rejected_by_strict_sweep,0.0,baseline,937.2918589600123,,
SPY,HYP-FCR-03,2024-05-20,2024-05-20T15:05:00+00:00,high_exact_or_subtick_touch_rejected_by_strict_sweep,0.0,baseline,937.2918589600123,,
SPY,HYP-FCR-03,2024-06-06,2024-06-06T15:20:00+00:00,low_exact_or_subtick_touch_rejected_by_strict_sweep,0.49999999999954525,baseline,940.7270188500122,,
SPY,HYP-FCR-03,2024-06-07,2024-06-07T14:10:00+00:00,high_exact_or_subtick_touch_rejected_by_strict_sweep,0.0,baseline,940.8251153500122,,
SPY,HYP-FCR-03,2024-06-25,2024-06-25T14:00:00+00:00,low_exact_or_subtick_touch_rejected_by_strict_sweep,0.0,baseline,939.3852226700126,,
SPY,HYP-FCR-03,2024-07-09,2024-07-09T14:20:00+00:00,low_exact_or_subtick_touch_rejected_by_strict_sweep,0.0,baseline,938.4089827700128,,
SPY,HYP-FCR-03,2024-08-13,2024-08-13T14:55:00+00:00,high_exact_or_subtick_touch_rejected_by_strict_sweep,0.0,baseline,934.0329479300132,,
SPY,HYP-FCR-03,2024-08-21,2024-08-21T15:05:00+00:00,low_exact_or_subtick_touch_rejected_by_strict_sweep,0.0,baseline,933.2874255300133,,
SPY,HYP-FCR-03,2024-09-04,2024-09-04T14:00:00+00:00,low_exact_or_subtick_touch_rejected_by_strict_sweep,0.49999999999954525,baseline,933.9708096400132,,
SPY,HYP-FCR-03,2024-09-25,2024-09-25T14:10:00+00:00,high_exact_or_subtick_touch_rejected_by_strict_sweep,0.19000000000914952,baseline,935.4900280100134,,
SPY,HYP-FCR-03,2024-10-17,2024-10-17T15:10:00+00:00,low_exact_or_subtick_touch_rejected_by_strict_sweep,0.0,baseline,928.8940904500133,,
SPY,HYP-FCR-03,2024-10-18,2024-10-18T15:35:00+00:00,high_exact_or_subtick_touch_rejected_by_strict_sweep,0.0,baseline,928.0274214600134,,
SPY,HYP-FCR-03,2024-12-02,2024-12-02T15:55:00+00:00,low_exact_or_subtick_touch_rejected_by_strict_sweep,0.0,baseline,924.7584768200136,,
SPY,HYP-FCR-03,2024-12-04,2024-12-04T15:25:00+00:00,low_exact_or_subtick_touch_rejected_by_strict_sweep,0.0,baseline,923.6621593000137,,
SPY,HYP-FCR-03,2024-12-17,2024-12-17T15:55:00+00:00,low_exact_or_subtick_touch_rejected_by_strict_sweep,0.04000000000132786,baseline,920.8771240600139,,
SPY,HYP-FCR-03,2022-01-19,2022-01-19T17:25:00+00:00,low_exact_or_subtick_touch_rejected_by_strict_sweep,0.0,stress,990.5709160000004,,
SPY,HYP-FCR-03,2022-02-18,2022-02-18T15:15:00+00:00,high_exact_or_subtick_touch_rejected_by_strict_sweep,0.0,stress,1012.5305017600017,,
SPY,HYP-FCR-03,2022-04-12,2022-04-12T14:55:00+00:00,low_exact_or_subtick_touch_rejected_by_strict_sweep,0.0,stress,1031.014978440003,,
SPY,HYP-FCR-03,2022-04-14,2022-04-14T15:30:00+00:00,low_exact_or_subtick_touch_rejected_by_strict_sweep,0.0,stress,1028.130588440003,,
SPY,HYP-FCR-03,2022-04-25,2022-04-25T14:20:00+00:00,low_exact_or_subtick_touch_rejected_by_strict_sweep,0.0,stress,1032.603432440003,,
SPY,HYP-FCR-03,2022-05-09,2022-05-09T16:15:00+00:00,low_exact_or_subtick_touch_rejected_by_strict_sweep,0.0,stress,1030.2777246400033,,
SPY,HYP-FCR-03,2022-05-10,2022-05-10T18:05:00+00:00,low_exact_or_subtick_touch_rejected_by_strict_sweep,0.49999999999954525,stress,1027.4168366400033,,
SPY,HYP-FCR-03,2022-06-17,2022-06-17T15:35:00+00:00,low_exact_or_subtick_touch_rejected_by_strict_sweep,0.0,stress,1015.6779743600044,,
SPY,HYP-FCR-03,2022-07-19,2022-07-19T14:05:00+00:00,high_exact_or_subtick_touch_rejected_by_strict_sweep,0.0,stress,1011.2152654800053,,
SPY,HYP-FCR-03,2022-08-08,2022-08-08T14:00:00+00:00,high_exact_or_subtick_touch_rejected_by_strict_sweep,0.0,stress,991.4301000800062,,
SPY,HYP-FCR-03,2022-08-11,2022-08-11T16:55:00+00:00,low_exact_or_subtick_touch_rejected_by_strict_sweep,0.0,stress,990.6455401600064,,
SPY,HYP-FCR-03,2022-09-16,2022-09-16T15:15:00+00:00,high_exact_or_subtick_touch_rejected_by_strict_sweep,0.0,stress,971.149273160007,,
SPY,HYP-FCR-03,2022-09-23,2022-09-23T14:45:00+00:00,low_exact_or_subtick_touch_rejected_by_strict_sweep,0.0,stress,960.4179772000075,,
SPY,HYP-FCR-03,2022-11-02,2022-11-02T15:25:00+00:00,low_exact_or_subtick_touch_rejected_by_strict_sweep,0.5000000000052296,stress,981.3479048400093,,
SPY,HYP-FCR-03,2022-11-16,2022-11-16T17:20:00+00:00,low_exact_or_subtick_touch_rejected_by_strict_sweep,0.9100000000046293,stress,982.30864104001,,
SPY,HYP-FCR-03,2022-11-25,2022-11-25T16:25:00+00:00,high_exact_or_subtick_touch_rejected_by_strict_sweep,0.0,stress,971.3361547600106,,
SPY,HYP-FCR-03,2022-12-05,2022-12-05T15:45:00+00:00,low_exact_or_subtick_touch_rejected_by_strict_sweep,0.0,stress,966.382026760011,,
SPY,HYP-FCR-03,2023-01-10,2023-01-10T15:25:00+00:00,high_exact_or_subtick_touch_rejected_by_strict_sweep,0.49999999999954525,stress,954.3228687600119,,
SPY,HYP-FCR-03,2023-01-19,2023-01-19T17:15:00+00:00,low_exact_or_subtick_touch_rejected_by_strict_sweep,0.9599999999977626,stress,950.5226087600122,,
SPY,HYP-FCR-03,2023-02-10,2023-02-10T16:30:00+00:00,high_exact_or_subtick_touch_rejected_by_strict_sweep,0.0,stress,958.8362012400128,,
SPY,HYP-FCR-03,2023-02-22,2023-02-22T17:15:00+00:00,low_exact_or_subtick_touch_rejected_by_strict_sweep,0.8000000000038199,stress,955.0751832400128,,
SPY,HYP-FCR-03,2023-02-24,2023-02-24T15:10:00+00:00,low_exact_or_subtick_touch_rejected_by_strict_sweep,0.0,stress,951.374587240013,,
SPY,HYP-FCR-03,2023-04-06,2023-04-06T15:00:00+00:00,high_exact_or_subtick_touch_rejected_by_strict_sweep,0.0,stress,951.587026840015,,
SPY,HYP-FCR-03,2023-04-24,2023-04-24T14:25:00+00:00,high_exact_or_subtick_touch_rejected_by_strict_sweep,0.6399999999985084,stress,945.5181263200155,,
SPY,HYP-FCR-03,2023-04-24,2023-04-24T17:50:00+00:00,low_exact_or_subtick_touch_rejected_by_strict_sweep,0.0,stress,945.5181263200155,,
SPY,HYP-FCR-03,2023-05-11,2023-05-11T14:30:00+00:00,low_exact_or_subtick_touch_rejected_by_strict_sweep,0.0,stress,930.8737503200166,,
SPY,HYP-FCR-03,2023-05-19,2023-05-19T14:35:00+00:00,high_exact_or_subtick_touch_rejected_by_strict_sweep,0.0,stress,929.3165723200168,,
SPY,HYP-FCR-03,2023-06-01,2023-06-01T14:05:00+00:00,high_exact_or_subtick_touch_rejected_by_strict_sweep,0.4700000000013915,stress,921.1438863200174,,
SPY,HYP-FCR-03,2023-06-09,2023-06-09T15:00:00+00:00,high_exact_or_subtick_touch_rejected_by_strict_sweep,0.0,stress,924.0024222800174,,
SPY,HYP-FCR-03,2023-06-14,2023-06-14T17:10:00+00:00,high_exact_or_subtick_touch_rejected_by_strict_sweep,0.0,stress,924.5444982800177,,
SPY,HYP-FCR-03,2023-07-03,2023-07-03T14:25:00+00:00,high_exact_or_subtick_touch_rejected_by_strict_sweep,0.0,stress,916.8374988000182,,
SPY,HYP-FCR-03,2023-07-03,2023-07-03T15:20:00+00:00,high_exact_or_subtick_touch_rejected_by_strict_sweep,0.49999999999954525,stress,916.8374988000182,,
SPY,HYP-FCR-03,2023-07-13,2023-07-13T15:05:00+00:00,high_exact_or_subtick_touch_rejected_by_strict_sweep,0.0,stress,921.8448158400187,,
SPY,HYP-FCR-03,2023-07-31,2023-07-31T16:55:00+00:00,low_exact_or_subtick_touch_rejected_by_strict_sweep,0.0,stress,918.4336819600192,,
SPY,HYP-FCR-03,2023-08-01,2023-08-01T14:40:00+00:00,low_exact_or_subtick_touch_rejected_by_strict_sweep,0.0,stress,917.1283739600192,,
SPY,HYP-FCR-03,2023-08-03,2023-08-03T14:05:00+00:00,high_exact_or_subtick_touch_rejected_by_strict_sweep,0.0,stress,915.9233979600193,,
SPY,HYP-FCR-03,2023-09-05,2023-09-05T14:00:00+00:00,low_exact_or_subtick_touch_rejected_by_strict_sweep,0.0,stress,914.3590022000208,,
SPY,HYP-FCR-03,2023-09-07,2023-09-07T14:35:00+00:00,low_exact_or_subtick_touch_rejected_by_strict_sweep,0.49999999999954525,stress,912.6991102000209,,
SPY,HYP-FCR-03,2023-10-11,2023-10-11T19:30:00+00:00,low_exact_or_subtick_touch_rejected_by_strict_sweep,0.0,stress,913.7660465200215,,
SPY,HYP-FCR-03,2023-11-20,2023-11-20T15:40:00+00:00,high_exact_or_subtick_touch_rejected_by_strict_sweep,0.0,stress,901.3958189200227,,
SPY,HYP-FCR-03,2023-11-27,2023-11-27T17:05:00+00:00,high_exact_or_subtick_touch_rejected_by_strict_sweep,0.49999999999954525,stress,899.6006769200229,,
SPY,HYP-FCR-03,2023-11-27,2023-11-27T17:45:00+00:00,high_exact_or_subtick_touch_rejected_by_strict_sweep,0.49999999999954525,stress,899.6006769200229,,
SPY,HYP-FCR-03,2023-11-27,2023-11-27T18:25:00+00:00,high_exact_or_subtick_touch_rejected_by_strict_sweep,0.40000000000190994,stress,899.6006769200229,,
SPY,HYP-FCR-03,2023-12-14,2023-12-14T16:45:00+00:00,low_exact_or_subtick_touch_rejected_by_strict_sweep,0.49999999999954525,stress,895.6310144000232,,
SPY,HYP-FCR-03,2023-12-21,2023-12-21T15:25:00+00:00,low_exact_or_subtick_touch_rejected_by_strict_sweep,0.0,stress,894.7008434200233,,
SPY,HYP-FCR-03,2023-12-22,2023-12-22T17:25:00+00:00,low_exact_or_subtick_touch_rejected_by_strict_sweep,0.0,stress,894.0422934200234,,
SPY,HYP-FCR-03,2023-12-27,2023-12-27T15:00:00+00:00,high_exact_or_subtick_touch_rejected_by_strict_sweep,0.0,stress,893.4326174200235,,
SPY,HYP-FCR-03,2024-01-17,2024-01-17T15:00:00+00:00,low_exact_or_subtick_touch_rejected_by_strict_sweep,0.0,stress,891.318651840024,,
SPY,HYP-FCR-03,2024-02-20,2024-02-20T15:00:00+00:00,low_exact_or_subtick_touch_rejected_by_strict_sweep,0.0,stress,880.489868520025,,
SPY,HYP-FCR-03,2024-02-29,2024-02-29T19:20:00+00:00,low_exact_or_subtick_touch_rejected_by_strict_sweep,0.49999999999954525,stress,875.9004737200252,,
SPY,HYP-FCR-03,2024-03-04,2024-03-04T20:50:00+00:00,high_exact_or_subtick_touch_rejected_by_strict_sweep,0.0,stress,876.3770177200252,,
SPY,HYP-FCR-03,2024-03-13,2024-03-13T14:05:00+00:00,low_exact_or_subtick_touch_rejected_by_strict_sweep,0.49999999999954525,stress,879.2231727200253,,
SPY,HYP-FCR-03,2024-03-26,2024-03-26T14:25:00+00:00,high_exact_or_subtick_touch_rejected_by_strict_sweep,0.009999999997489795,stress,878.2736157200258,,
SPY,HYP-FCR-03,2024-04-04,2024-04-04T14:25:00+00:00,low_exact_or_subtick_touch_rejected_by_strict_sweep,0.0,stress,880.3094917800257,,
SPY,HYP-FCR-03,2024-04-24,2024-04-24T14:15:00+00:00,low_exact_or_subtick_touch_rejected_by_strict_sweep,0.0,stress,881.447766180026,,
SPY,HYP-FCR-03,2024-04-24,2024-04-24T14:20:00+00:00,low_exact_or_subtick_touch_rejected_by_strict_sweep,0.0,stress,881.447766180026,,
SPY,HYP-FCR-03,2024-04-30,2024-04-30T14:00:00+00:00,high_exact_or_subtick_touch_rejected_by_strict_sweep,0.009999999997489795,stress,883.433528200026,,
SPY,HYP-FCR-03,2024-05-06,2024-05-06T16:00:00+00:00,high_exact_or_subtick_touch_rejected_by_strict_sweep,0.0,stress,878.2246642000262,,
SPY,HYP-FCR-03,2024-05-20,2024-05-20T14:00:00+00:00,high_exact_or_subtick_touch_rejected_by_strict_sweep,0.0,stress,873.5103011200266,,
SPY,HYP-FCR-03,2024-05-20,2024-05-20T14:15:00+00:00,high_exact_or_subtick_touch_rejected_by_strict_sweep,0.0,stress,873.5103011200266,,
SPY,HYP-FCR-03,2024-05-20,2024-05-20T15:05:00+00:00,high_exact_or_subtick_touch_rejected_by_strict_sweep,0.0,stress,873.5103011200266,,
SPY,HYP-FCR-03,2024-06-06,2024-06-06T15:20:00+00:00,low_exact_or_subtick_touch_rejected_by_strict_sweep,0.49999999999954525,stress,875.6891209000269,,
SPY,HYP-FCR-03,2024-06-07,2024-06-07T14:10:00+00:00,high_exact_or_subtick_touch_rejected_by_strict_sweep,0.0,stress,875.660313900027,,
SPY,HYP-FCR-03,2024-06-25,2024-06-25T14:00:00+00:00,low_exact_or_subtick_touch_rejected_by_strict_sweep,0.0,stress,873.3179285400277,,
SPY,HYP-FCR-03,2024-07-09,2024-07-09T14:20:00+00:00,low_exact_or_subtick_touch_rejected_by_strict_sweep,0.0,stress,871.436448740028,,
SPY,HYP-FCR-03,2024-08-13,2024-08-13T14:55:00+00:00,high_exact_or_subtick_touch_rejected_by_strict_sweep,0.0,stress,865.5139790600285,,
SPY,HYP-FCR-03,2024-08-21,2024-08-21T15:05:00+00:00,low_exact_or_subtick_touch_rejected_by_strict_sweep,0.0,stress,864.2469342600285,,
SPY,HYP-FCR-03,2024-09-04,2024-09-04T14:00:00+00:00,low_exact_or_subtick_touch_rejected_by_strict_sweep,0.49999999999954525,stress,864.4026024800285,,
SPY,HYP-FCR-03,2024-09-25,2024-09-25T14:10:00+00:00,high_exact_or_subtick_touch_rejected_by_strict_sweep,0.19000000000914952,stress,864.0769392200292,,
SPY,HYP-FCR-03,2024-10-17,2024-10-17T15:10:00+00:00,low_exact_or_subtick_touch_rejected_by_strict_sweep,0.0,stress,856.0006641000293,,
SPY,HYP-FCR-03,2024-10-18,2024-10-18T15:35:00+00:00,high_exact_or_subtick_touch_rejected_by_strict_sweep,0.0,stress,854.9972261200294,,
SPY,HYP-FCR-03,2024-12-02,2024-12-02T15:55:00+00:00,low_exact_or_subtick_touch_rejected_by_strict_sweep,0.0,stress,849.80593684003,,
SPY,HYP-FCR-03,2024-12-04,2024-12-04T15:25:00+00:00,low_exact_or_subtick_touch_rejected_by_strict_sweep,0.0,stress,848.4283018000301,,
SPY,HYP-FCR-03,2024-12-17,2024-12-17T15:55:00+00:00,low_exact_or_subtick_touch_rejected_by_strict_sweep,0.04000000000132786,stress,844.7956313200305,,
SPY,HYP-FCR-03,2022-01-19,2022-01-19T17:25:00+00:00,low_exact_or_subtick_touch_rejected_by_strict_sweep,0.0,severe,988.9863740000008,,
SPY,HYP-FCR-03,2022-02-18,2022-02-18T15:15:00+00:00,high_exact_or_subtick_touch_rejected_by_strict_sweep,0.0,severe,1007.0235526400025,,
SPY,HYP-FCR-03,2022-04-12,2022-04-12T14:55:00+00:00,low_exact_or_subtick_touch_rejected_by_strict_sweep,0.0,severe,1020.8619676600046,,
SPY,HYP-FCR-03,2022-04-14,2022-04-14T15:30:00+00:00,low_exact_or_subtick_touch_rejected_by_strict_sweep,0.0,severe,1017.7603826600047,,
SPY,HYP-FCR-03,2022-04-25,2022-04-25T14:20:00+00:00,low_exact_or_subtick_touch_rejected_by_strict_sweep,0.0,severe,1021.7996486600048,,
SPY,HYP-FCR-03,2022-05-09,2022-05-09T16:15:00+00:00,low_exact_or_subtick_touch_rejected_by_strict_sweep,0.0,severe,1018.2305869600054,,
SPY,HYP-FCR-03,2022-05-10,2022-05-10T18:05:00+00:00,low_exact_or_subtick_touch_rejected_by_strict_sweep,0.49999999999954525,severe,1015.2692549600055,,
SPY,HYP-FCR-03,2022-06-17,2022-06-17T15:35:00+00:00,low_exact_or_subtick_touch_rejected_by_strict_sweep,0.0,severe,999.8546615400073,,
SPY,HYP-FCR-03,2022-07-19,2022-07-19T14:05:00+00:00,high_exact_or_subtick_touch_rejected_by_strict_sweep,0.0,severe,992.7995982200086,,
SPY,HYP-FCR-03,2022-08-08,2022-08-08T14:00:00+00:00,high_exact_or_subtick_touch_rejected_by_strict_sweep,0.0,severe,970.7953501200101,,
SPY,HYP-FCR-03,2022-08-11,2022-08-11T16:55:00+00:00,low_exact_or_subtick_touch_rejected_by_strict_sweep,0.0,severe,969.5987102400104,,
SPY,HYP-FCR-03,2022-09-16,2022-09-16T15:15:00+00:00,high_exact_or_subtick_touch_rejected_by_strict_sweep,0.0,severe,947.0384097400118,,
SPY,HYP-FCR-03,2022-09-23,2022-09-23T14:45:00+00:00,low_exact_or_subtick_touch_rejected_by_strict_sweep,0.0,severe,935.3413658000126,,
SPY,HYP-FCR-03,2022-11-02,2022-11-02T15:25:00+00:00,low_exact_or_subtick_touch_rejected_by_strict_sweep,0.5000000000052296,severe,950.3067762600148,,
SPY,HYP-FCR-03,2022-11-16,2022-11-16T17:20:00+00:00,low_exact_or_subtick_touch_rejected_by_strict_sweep,0.9100000000046293,severe,949.3283805600161,,
SPY,HYP-FCR-03,2022-11-25,2022-11-25T16:25:00+00:00,high_exact_or_subtick_touch_rejected_by_strict_sweep,0.0,severe,937.3639511400168,,
SPY,HYP-FCR-03,2022-12-05,2022-12-05T15:45:00+00:00,low_exact_or_subtick_touch_rejected_by_strict_sweep,0.0,severe,931.8127591400172,,
SPY,HYP-FCR-03,2023-01-10,2023-01-10T15:25:00+00:00,high_exact_or_subtick_touch_rejected_by_strict_sweep,0.49999999999954525,severe,917.4190221400185,,
SPY,HYP-FCR-03,2023-01-19,2023-01-19T17:15:00+00:00,low_exact_or_subtick_touch_rejected_by_strict_sweep,0.9599999999977626,severe,912.8286321400187,,
SPY,HYP-FCR-03,2023-02-10,2023-02-10T16:30:00+00:00,high_exact_or_subtick_touch_rejected_by_strict_sweep,0.0,severe,918.8200208600196,,
SPY,HYP-FCR-03,2023-02-22,2023-02-22T17:15:00+00:00,low_exact_or_subtick_touch_rejected_by_strict_sweep,0.8000000000038199,severe,914.1434938600198,,
SPY,HYP-FCR-03,2023-02-24,2023-02-24T15:10:00+00:00,low_exact_or_subtick_touch_rejected_by_strict_sweep,0.0,severe,910.04259986002,,
SPY,HYP-FCR-03,2023-04-06,2023-04-06T15:00:00+00:00,high_exact_or_subtick_touch_rejected_by_strict_sweep,0.0,severe,906.0802592600227,,
SPY,HYP-FCR-03,2023-04-24,2023-04-24T14:25:00+00:00,high_exact_or_subtick_touch_rejected_by_strict_sweep,0.6399999999985084,severe,898.7856084800234,,
SPY,HYP-FCR-03,2023-04-24,2023-04-24T17:50:00+00:00,low_exact_or_subtick_touch_rejected_by_strict_sweep,0.0,severe,898.7856084800234,,
SPY,HYP-FCR-03,2023-05-11,2023-05-11T14:30:00+00:00,low_exact_or_subtick_touch_rejected_by_strict_sweep,0.0,severe,882.0990444800249,,
SPY,HYP-FCR-03,2023-05-19,2023-05-19T14:35:00+00:00,high_exact_or_subtick_touch_rejected_by_strict_sweep,0.0,severe,879.9282774800251,,
SPY,HYP-FCR-03,2023-06-01,2023-06-01T14:05:00+00:00,high_exact_or_subtick_touch_rejected_by_strict_sweep,0.4700000000013915,severe,870.7242484800256,,
SPY,HYP-FCR-03,2023-06-09,2023-06-09T15:00:00+00:00,high_exact_or_subtick_touch_rejected_by_strict_sweep,0.0,severe,873.3719524200257,,
SPY,HYP-FCR-03,2023-06-14,2023-06-14T17:10:00+00:00,high_exact_or_subtick_touch_rejected_by_strict_sweep,0.0,severe,873.2750664200262,,
SPY,HYP-FCR-03,2023-07-03,2023-07-03T14:25:00+00:00,high_exact_or_subtick_touch_rejected_by_strict_sweep,0.0,severe,866.9438459500271,,
SPY,HYP-FCR-03,2023-07-03,2023-07-03T15:20:00+00:00,high_exact_or_subtick_touch_rejected_by_strict_sweep,0.49999999999954525,severe,866.9438459500271,,
SPY,HYP-FCR-03,2023-07-13,2023-07-13T15:05:00+00:00,high_exact_or_subtick_touch_rejected_by_strict_sweep,0.0,severe,868.7980337300273,,
SPY,HYP-FCR-03,2023-07-31,2023-07-31T16:55:00+00:00,low_exact_or_subtick_touch_rejected_by_strict_sweep,0.0,severe,866.3170333200278,,
SPY,HYP-FCR-03,2023-08-01,2023-08-01T14:40:00+00:00,low_exact_or_subtick_touch_rejected_by_strict_sweep,0.0,severe,865.5530523200279,,
SPY,HYP-FCR-03,2023-08-03,2023-08-03T14:05:00+00:00,high_exact_or_subtick_touch_rejected_by_strict_sweep,0.0,severe,864.8393203200279,,
SPY,HYP-FCR-03,2023-09-05,2023-09-05T14:00:00+00:00,low_exact_or_subtick_touch_rejected_by_strict_sweep,0.0,severe,862.7463235000287,,
SPY,HYP-FCR-03,2023-09-07,2023-09-07T14:35:00+00:00,low_exact_or_subtick_touch_rejected_by_strict_sweep,0.49999999999954525,severe,861.8064045000287,,
SPY,HYP-FCR-03,2023-10-11,2023-10-11T19:30:00+00:00,low_exact_or_subtick_touch_rejected_by_strict_sweep,0.0,severe,863.0506682000296,,
SPY,HYP-FCR-03,2023-11-20,2023-11-20T15:40:00+00:00,high_exact_or_subtick_touch_rejected_by_strict_sweep,0.0,severe,850.4481393000309,,
SPY,HYP-FCR-03,2023-11-27,2023-11-27T17:05:00+00:00,high_exact_or_subtick_touch_rejected_by_strict_sweep,0.49999999999954525,severe,848.3204263000312,,
SPY,HYP-FCR-03,2023-11-27,2023-11-27T17:45:00+00:00,high_exact_or_subtick_touch_rejected_by_strict_sweep,0.49999999999954525,severe,848.3204263000312,,
SPY,HYP-FCR-03,2023-11-27,2023-11-27T18:25:00+00:00,high_exact_or_subtick_touch_rejected_by_strict_sweep,0.40000000000190994,severe,848.3204263000312,,
SPY,HYP-FCR-03,2023-12-14,2023-12-14T16:45:00+00:00,low_exact_or_subtick_touch_rejected_by_strict_sweep,0.49999999999954525,severe,843.3472325200318,,
SPY,HYP-FCR-03,2023-12-21,2023-12-21T15:25:00+00:00,low_exact_or_subtick_touch_rejected_by_strict_sweep,0.0,severe,841.959726050032,,
SPY,HYP-FCR-03,2023-12-22,2023-12-22T17:25:00+00:00,low_exact_or_subtick_touch_rejected_by_strict_sweep,0.0,severe,841.1869010500321,,
SPY,HYP-FCR-03,2023-12-27,2023-12-27T15:00:00+00:00,high_exact_or_subtick_touch_rejected_by_strict_sweep,0.0,severe,840.4623870500322,,
SPY,HYP-FCR-03,2024-01-17,2024-01-17T15:00:00+00:00,low_exact_or_subtick_touch_rejected_by_strict_sweep,0.0,severe,837.201988680033,,
SPY,HYP-FCR-03,2024-02-20,2024-02-20T15:00:00+00:00,low_exact_or_subtick_touch_rejected_by_strict_sweep,0.0,severe,824.016913700034,,
SPY,HYP-FCR-03,2024-02-29,2024-02-29T19:20:00+00:00,low_exact_or_subtick_touch_rejected_by_strict_sweep,0.49999999999954525,severe,818.8258215000343,,
SPY,HYP-FCR-03,2024-03-04,2024-03-04T20:50:00+00:00,high_exact_or_subtick_touch_rejected_by_strict_sweep,0.0,severe,819.1806375000342,,
SPY,HYP-FCR-03,2024-03-13,2024-03-13T14:05:00+00:00,low_exact_or_subtick_touch_rejected_by_strict_sweep,0.49999999999954525,severe,821.5373700000345,,
SPY,HYP-FCR-03,2024-03-26,2024-03-26T14:25:00+00:00,high_exact_or_subtick_touch_rejected_by_strict_sweep,0.009999999997489795,severe,819.6005345000351,,
SPY,HYP-FCR-03,2024-04-04,2024-04-04T14:25:00+00:00,low_exact_or_subtick_touch_rejected_by_strict_sweep,0.0,severe,821.2641985900351,,
SPY,HYP-FCR-03,2024-04-24,2024-04-24T14:15:00+00:00,low_exact_or_subtick_touch_rejected_by_strict_sweep,0.0,severe,821.5476101900354,,
SPY,HYP-FCR-03,2024-04-24,2024-04-24T14:20:00+00:00,low_exact_or_subtick_touch_rejected_by_strict_sweep,0.0,severe,821.5476101900354,,
SPY,HYP-FCR-03,2024-04-30,2024-04-30T14:00:00+00:00,high_exact_or_subtick_touch_rejected_by_strict_sweep,0.009999999997489795,severe,823.2913032200355,,
SPY,HYP-FCR-03,2024-05-06,2024-05-06T16:00:00+00:00,high_exact_or_subtick_touch_rejected_by_strict_sweep,0.0,severe,817.5980072200357,,
SPY,HYP-FCR-03,2024-05-20,2024-05-20T14:00:00+00:00,high_exact_or_subtick_touch_rejected_by_strict_sweep,0.0,severe,812.0137626000362,,
SPY,HYP-FCR-03,2024-05-20,2024-05-20T14:15:00+00:00,high_exact_or_subtick_touch_rejected_by_strict_sweep,0.0,severe,812.0137626000362,,
SPY,HYP-FCR-03,2024-05-20,2024-05-20T15:05:00+00:00,high_exact_or_subtick_touch_rejected_by_strict_sweep,0.0,severe,812.0137626000362,,
SPY,HYP-FCR-03,2024-06-06,2024-06-06T15:20:00+00:00,low_exact_or_subtick_touch_rejected_by_strict_sweep,0.49999999999954525,severe,812.9362422700366,,
SPY,HYP-FCR-03,2024-06-07,2024-06-07T14:10:00+00:00,high_exact_or_subtick_touch_rejected_by_strict_sweep,0.0,severe,812.7805317700366,,
SPY,HYP-FCR-03,2024-06-25,2024-06-25T14:00:00+00:00,low_exact_or_subtick_touch_rejected_by_strict_sweep,0.0,severe,809.5356537300374,,
SPY,HYP-FCR-03,2024-07-09,2024-07-09T14:20:00+00:00,low_exact_or_subtick_touch_rejected_by_strict_sweep,0.0,severe,806.7489340300378,,
SPY,HYP-FCR-03,2024-08-13,2024-08-13T14:55:00+00:00,high_exact_or_subtick_touch_rejected_by_strict_sweep,0.0,severe,799.2800295100386,,
SPY,HYP-FCR-03,2024-08-21,2024-08-21T15:05:00+00:00,low_exact_or_subtick_touch_rejected_by_strict_sweep,0.0,severe,797.4914623100389,,
SPY,HYP-FCR-03,2024-09-04,2024-09-04T14:00:00+00:00,low_exact_or_subtick_touch_rejected_by_strict_sweep,0.49999999999954525,severe,797.1194146400389,,
SPY,HYP-FCR-03,2024-09-25,2024-09-25T14:10:00+00:00,high_exact_or_subtick_touch_rejected_by_strict_sweep,0.19000000000914952,severe,794.9488697500395,,
SPY,HYP-FCR-03,2024-10-17,2024-10-17T15:10:00+00:00,low_exact_or_subtick_touch_rejected_by_strict_sweep,0.0,severe,785.39225707004,,
SPY,HYP-FCR-03,2024-10-18,2024-10-18T15:35:00+00:00,high_exact_or_subtick_touch_rejected_by_strict_sweep,0.0,severe,784.2520501000402,,
SPY,HYP-FCR-03,2024-12-02,2024-12-02T15:55:00+00:00,low_exact_or_subtick_touch_rejected_by_strict_sweep,0.0,severe,777.1384161800406,,
SPY,HYP-FCR-03,2024-12-04,2024-12-04T15:25:00+00:00,low_exact_or_subtick_touch_rejected_by_strict_sweep,0.0,severe,775.4794636200407,,
SPY,HYP-FCR-03,2024-12-17,2024-12-17T15:55:00+00:00,low_exact_or_subtick_touch_rejected_by_strict_sweep,0.04000000000132786,severe,770.9991579000412,,
