event_type,horizon,symbol,orientation,year,count,event_count,available_count,session_count,mean_reversal_return,median_reversal_return,std_reversal_return,favorable_percentage,mean_continuation_return,median_continuation_return,mean_mfe,median_mfe,mean_mae,median_mae,bootstrap_reversal_mean_ci_low,bootstrap_reversal_mean_ci_high,bootstrap_grouped_by,bootstrap_seed
EVENT-01,15min,QQQ,long_reversal,2022,178,178,176,178,0.00021102476522028273,0.0003606696514861,0.003206785739040925,0.5227272727272727,-0.00021102476522028273,-0.0003606696514861,0.002640967586445721,0.00214395157085965,-0.0025294343303457283,-0.0021719584809590502,-0.00026581716831180965,0.0006832774780751205,session_date,17
EVENT-01,15min,QQQ,long_reversal,2023,169,169,167,169,8.577743711828946e-05,0.0001511578692787,0.002258090055013978,0.5449101796407185,-8.577743711828946e-05,-0.0001511578692787,0.0016969437780186014,0.0012323027630967,-0.0017344201368556349,-0.0014525031470901,-0.0002453302765299372,0.0004117091891367102,session_date,17
EVENT-01,15min,QQQ,long_reversal,2024,168,168,166,168,2.0244827869147235e-06,0.00018753293247605,0.0019953237830357684,0.536144578313253,-2.0244827869147235e-06,-0.00018753293247605,0.0015230367108063111,0.0012783354534916,-0.0017222378484495315,-0.0013337539539663998,-0.000333867699970855,0.0003038955520043847,session_date,17
EVENT-01,15min,SPY,long_reversal,2022,185,185,184,185,-1.3108011929180312e-05,-0.00019391877196900002,0.0025634406975005913,0.4673913043478261,1.3108011929180312e-05,0.00019391877196900002,0.0019212704580925152,0.0015576873767867,-0.0019485413927311458,-0.00168662937030045,-0.00037916593953106936,0.00035258612389329027,session_date,17
EVENT-01,15min,SPY,long_reversal,2023,181,181,178,181,8.795283426081616e-05,0.00015625205977785,0.0015524427639461013,0.5337078651685393,-8.795283426081616e-05,-0.00015625205977785,0.0012325952135655324,0.0009658693147895001,-0.0012292660607513375,-0.0008609801507156499,-0.00011962402966988117,0.0002977556859779833,session_date,17
EVENT-01,15min,SPY,long_reversal,2024,184,184,183,184,-2.3709146906529472e-05,0.0001320415270602,0.0013320619079543166,0.5519125683060109,2.3709146906529472e-05,-0.0001320415270602,0.0009692034416533537,0.0007690764395105,-0.0011096663955588652,-0.000786132620573,-0.00020756417834103018,0.00015010452623034098,session_date,17
EVENT-01,30min,QQQ,long_reversal,2022,178,178,176,178,-6.191640116296513e-05,-9.667163485924635e-05,0.004690841242774136,0.48295454545454547,6.191640116296513e-05,9.667163485924635e-05,0.003693689804892075,0.0029061351997945,-0.003510281573544452,-0.0027502052719727502,-0.0008011549322585271,0.0006358120535740832,session_date,17
EVENT-01,30min,QQQ,long_reversal,2023,169,169,165,169,-4.9915283884315156e-05,2.5801790644264244e-05,0.002997938133118961,0.503030303030303,4.9915283884315156e-05,-2.5801790644264244e-05,0.0023531451952313424,0.0017082867436948,-0.002323425515771494,-0.001886637683537,-0.0005053493642268984,0.0004375893573697066,session_date,17
EVENT-01,30min,QQQ,long_reversal,2024,168,168,166,168,-0.00013577007391526693,1.4823575106903686e-05,0.0029143434189906124,0.5,0.00013577007391526693,-1.4823575106903686e-05,0.002046907416071853,0.0016015170114318002,-0.00240349383168777,-0.0018822613671641,-0.0006141942830111009,0.0002659058962600958,session_date,17
EVENT-01,30min,SPY,long_reversal,2022,185,185,183,185,3.0656539959938076e-05,0.0001995609658749,0.003693201930490557,0.5300546448087432,-3.0656539959938076e-05,-0.0001995609658749,0.002710491206234565,0.0020862049794772,-0.0026330087309329214,-0.0019258545979777,-0.0005305259856648623,0.0005338497681233334,session_date,17
EVENT-01,30min,SPY,long_reversal,2023,181,181,177,181,-8.949518133593865e-05,-7.34773587208748e-05,0.0021275615851150003,0.4689265536723164,8.949518133593865e-05,7.34773587208748e-05,0.001634948308563439,0.0012286053211321,-0.0016926889591044679,-0.0013025526936745,-0.00046149558934961395,0.00018409389035658075,session_date,17
EVENT-01,30min,SPY,long_reversal,2024,184,184,182,184,-0.00018571594201107533,4.075451989271617e-05,0.001984270815599849,0.521978021978022,0.00018571594201107533,-4.075451989271617e-05,0.0013005843290340917,0.0009813375884076,-0.001537661866613756,-0.0011153357059591,-0.00044935538791086074,0.00010207525995861272,session_date,17
EVENT-01,5min,QQQ,long_reversal,2022,178,178,177,178,-0.00012134425144504572,-0.0002024906348081,0.002108538905693513,0.4463276836158192,0.00012134425144504572,0.0002024906348081,0.0014848136929797816,0.0011891872383427,-0.0015938874931590557,-0.0013203613620569,-0.00041988800926240946,0.00016756526903172943,session_date,17
EVENT-01,5min,QQQ,long_reversal,2023,169,169,169,169,3.731791469230913e-05,-9.714632665458468e-05,0.0012957071740772627,0.47928994082840237,-3.731791469230913e-05,9.714632665458468e-05,0.000988005082052602,0.0007827970297029,-0.001033863752998217,-0.000860962399424,-0.00016361208978021743,0.000253704211303986,session_date,17
EVENT-01,5min,QQQ,long_reversal,2024,168,168,167,168,-3.0191203821915793e-05,0.0001694589739824,0.001383883715197211,0.5389221556886228,3.0191203821915793e-05,-0.0001694589739824,0.0009382016963260778,0.0007842905130444,-0.0010520987159506406,-0.0006981034207066,-0.00023064475539262243,0.0001665704761339922,session_date,17
EVENT-01,5min,SPY,long_reversal,2022,185,185,185,185,-5.258055858743099e-05,5.6362796045483776e-05,0.001502062453268622,0.518918918918919,5.258055858743099e-05,-5.6362796045483776e-05,0.001071534482022227,0.0008989640981977,-0.0011274196924212414,-0.0008578352527397,-0.0002492447495958379,0.00018819549328791363,session_date,17
EVENT-01,5min,SPY,long_reversal,2023,181,181,179,181,-2.677138893361027e-06,8.890963447028e-06,0.0009631453343547007,0.5027932960893855,2.677138893361027e-06,-8.890963447028e-06,0.000714971104357709,0.0005519779208831,-0.00079373351263476,-0.0006309301366206,-0.00013841000799544876,0.00015334160781225526,session_date,17
EVENT-01,5min,SPY,long_reversal,2024,184,184,184,184,1.0586979099595731e-05,6.0292183123200616e-05,0.0008700757331638471,0.5543478260869565,-1.0586979099595731e-05,-6.0292183123200616e-05,0.0006084365485819,0.00051250186717215,-0.0006368720513540415,-0.00040927326075305,-0.00010665720838397223,0.00013934361200603293,session_date,17
EVENT-01,60min,QQQ,long_reversal,2022,178,178,175,178,0.0003269524649544936,2.795951462286617e-05,0.006459687771845603,0.5028571428571429,-0.0003269524649544936,-2.795951462286617e-05,0.005253103072039991,0.0039837777698021,-0.004781702154539703,-0.0039543901408992,-0.0007373908855231429,0.0012441252695481984,session_date,17
EVENT-01,60min,QQQ,long_reversal,2023,169,169,162,169,-0.00014117503668054524,0.000128184629951741,0.004005462499513511,0.5061728395061729,0.00014117503668054524,-0.000128184629951741,0.0030662671964858494,0.0025813830077716,-0.0031855574844117597,-0.0025179463045794,-0.0007458129073996659,0.00042959587094699596,session_date,17
EVENT-01,60min,QQQ,long_reversal,2024,168,168,165,168,-0.00026649659536859234,0.0004179988024899,0.004064038885708668,0.5333333333333333,0.00026649659536859234,-0.0004179988024899,0.0026605301257002787,0.0021159630743698,-0.0032547509070104054,-0.0023981921320851,-0.0008913339211320357,0.00029513525235628916,session_date,17
EVENT-01,60min,SPY,long_reversal,2022,185,185,182,185,0.00013037572182391023,-0.00030827150401295,0.004727862259361887,0.45604395604395603,-0.00013037572182391023,0.00030827150401295,0.003659758421443948,0.0028614972647643,-0.0035807899074774227,-0.0029817971565983,-0.0005873253178307308,0.0008081429933965989,session_date,17
EVENT-01,60min,SPY,long_reversal,2023,181,181,173,181,-0.00021890302205680972,-0.0002707253681616,0.003046936719501804,0.4624277456647399,0.00021890302205680972,0.0002707253681616,0.002171767378914638,0.0016856812933025,-0.0024142477217975735,-0.0017737235525148,-0.0006705930390450054,0.00019696995795349988,session_date,17
EVENT-01,60min,SPY,long_reversal,2024,184,184,181,184,-0.000238245504225053,0.0001058942301359,0.0027494436523041008,0.5193370165745856,0.000238245504225053,-0.0001058942301359,0.0016888487320919202,0.0012768616370997,-0.00211536156216743,-0.0013936578468995,-0.0006554656716480344,0.0001985831774761375,session_date,17
EVENT-01,session_close,QQQ,long_reversal,2022,178,178,177,178,-0.0006162026558734228,-0.0009631031848826,0.014187153391649948,0.4576271186440678,0.0006162026558734228,0.0009631031848826,0.009961318182911417,0.0068508126229867,-0.010047132826623742,-0.0074891067538126,-0.0027444951980352596,0.0016683631580096266,session_date,17
EVENT-01,session_close,QQQ,long_reversal,2023,169,169,169,169,0.0004529259874556563,0.0009251169245001,0.0076692301081764695,0.5384615384615384,-0.0004529259874556563,-0.0009251169245001,0.005778464350774641,0.0048749261374827,-0.005473156774238778,-0.004422857763065,-0.0006449131866648795,0.0015892804323437903,session_date,17
EVENT-01,session_close,QQQ,long_reversal,2024,168,168,167,168,-0.0003758688276346966,0.0005490318192618,0.00776705178890839,0.5389221556886228,0.0003758688276346966,-0.0005490318192618,0.004965991227805224,0.003898517351432,-0.005923722388786947,-0.0042560953365355,-0.0016292698425012925,0.0008400891959014581,session_date,17
EVENT-01,session_close,SPY,long_reversal,2022,185,185,185,185,-0.0003721359471899109,-0.0006312467122567,0.01118993964066043,0.4540540540540541,0.0003721359471899109,0.0006312467122567,0.007723796784114674,0.0058905723444477,-0.008033782712947987,-0.005734040492105,-0.0020277642725038316,0.0012553033226875125,session_date,17
EVENT-01,session_close,SPY,long_reversal,2023,181,181,179,181,0.0002665332825397767,0.0004370428301974,0.006205166569725994,0.5642458100558659,-0.0002665332825397767,-0.0004370428301974,0.004462076661613427,0.0036684113989173,-0.0044940924674786034,-0.0033753936071404,-0.0006630343115547813,0.0011162511291375897,session_date,17
EVENT-01,session_close,SPY,long_reversal,2024,184,184,184,184,-0.00010465121231368798,0.00022766905846189999,0.005493353059974365,0.5271739130434783,0.00010465121231368798,-0.00022766905846189999,0.0035513170610162632,0.00266446788998945,-0.0042886747707405375,-0.00307259280761245,-0.0009677746600605996,0.0006665970481919965,session_date,17
EVENT-02,15min,QQQ,long_reversal,2022,178,178,176,178,0.0002145791630022532,0.0003606696514861,0.0032092405520222477,0.5227272727272727,-0.0002145791630022532,-0.0003606696514861,0.0026482719571756987,0.00214395157085965,-0.0025230550165346224,-0.0021719584809590502,-0.0002620850506407407,0.0006866541559679926,session_date,17
EVENT-02,15min,QQQ,long_reversal,2023,169,169,167,169,6.89480922122432e-05,0.0001431507968494,0.002242187661730362,0.5389221556886228,-6.89480922122432e-05,-0.0001431507968494,0.001685547074388395,0.0012323027630967,-0.0017304041736367411,-0.0014525031470901,-0.00026941033131520843,0.00042155998540850724,session_date,17
EVENT-02,15min,QQQ,long_reversal,2024,168,168,166,168,1.653658201664787e-05,0.00021287379007855,0.002008172196383002,0.536144578313253,-1.653658201664787e-05,-0.00021287379007855,0.0015328380846390036,0.00129253935993495,-0.0017167682272248568,-0.0013337539539663998,-0.00032194377413971516,0.0003299485263693957,session_date,17
EVENT-02,15min,SPY,long_reversal,2022,185,185,184,185,-1.3108011929180312e-05,-0.00019391877196900002,0.0025634406975005913,0.4673913043478261,1.3108011929180312e-05,0.00019391877196900002,0.0019212704580925152,0.0015576873767867,-0.0019485413927311458,-0.00168662937030045,-0.00037916593953106936,0.00035258612389329027,session_date,17
EVENT-02,15min,SPY,long_reversal,2023,180,180,177,180,8.735441358465142e-05,0.0001121252214473,0.001557767585259211,0.5310734463276836,-8.735441358465142e-05,-0.0001121252214473,0.0012402375190364479,0.0009733453129678,-0.0012328365827328767,-0.0008729292488297,-0.00013540535054557375,0.0003135882462448789,session_date,17
EVENT-02,15min,SPY,long_reversal,2024,183,183,182,183,-3.95579733432163e-05,0.0001451112232434,0.0013440422161083013,0.554945054945055,3.95579733432163e-05,-0.0001451112232434,0.0009511381235741018,0.00074628191711405,-0.001124475159082727,-0.00079865695230855,-0.00023337206275081184,0.00015324493731927254,session_date,17
EVENT-02,30min,QQQ,long_reversal,2022,178,178,176,178,-4.9851307083509447e-05,-9.667163485924635e-05,0.004698520489108868,0.48295454545454547,4.9851307083509447e-05,9.667163485924635e-05,0.0037018071458557542,0.00291167783933675,-0.0035039022597333465,-0.0027502052719727502,-0.0008011549322585271,0.0006521476360802688,session_date,17
EVENT-02,30min,QQQ,long_reversal,2023,169,169,165,169,-3.097483577919698e-05,5.456132693137938e-05,0.003003612027825356,0.509090909090909,3.097483577919698e-05,-5.456132693137938e-05,0.0023425569881568987,0.0017082867436948,-0.002313406278491521,-0.001886637683537,-0.0005035390587042843,0.00044847052114140864,session_date,17
EVENT-02,30min,QQQ,long_reversal,2024,168,168,166,168,-0.0001393296656876145,1.4823575106903686e-05,0.0029094372062919162,0.5,0.0001393296656876145,-1.4823575106903686e-05,0.002045500822073592,0.0016015170114318002,-0.002398024210463095,-0.0018822613671641,-0.0006176180295478882,0.0002614535391561675,session_date,17
EVENT-02,30min,SPY,long_reversal,2022,185,185,183,185,3.0656539959938076e-05,0.0001995609658749,0.003693201930490557,0.5300546448087432,-3.0656539959938076e-05,-0.0001995609658749,0.002710491206234565,0.0020862049794772,-0.0026330087309329214,-0.0019258545979777,-0.0005305259856648623,0.0005338497681233334,session_date,17
EVENT-02,30min,SPY,long_reversal,2023,180,180,176,180,-8.442491674456568e-05,-8.88739065541874e-05,0.002135142574399471,0.4715909090909091,8.442491674456568e-05,8.88739065541874e-05,0.0016420784499545154,0.0012590319364673,-0.0016989128527924537,-0.00131426748369255,-0.0003711871819646657,0.00021167063838310556,session_date,17
EVENT-02,30min,SPY,long_reversal,2024,183,183,181,183,-0.0002117453441535575,3.3927632360208904e-05,0.001995641328738281,0.5193370165745856,0.0002117453441535575,-3.3927632360208904e-05,0.0012896259004737543,0.0009764994065319,-0.0015549305163233044,-0.0011103281873892,-0.0005341458972009349,7.478612682267058e-05,session_date,17
EVENT-02,5min,QQQ,long_reversal,2022,178,178,177,178,-0.00010874769953597282,-0.0002024906348081,0.002119113552203736,0.4463276836158192,0.00010874769953597282,0.0002024906348081,0.0014951958615447404,0.0011908198614318,-0.0015939883825100134,-0.0013203613620569,-0.00041002564071963566,0.00017762593742846235,session_date,17
EVENT-02,5min,QQQ,long_reversal,2023,169,169,169,169,4.156085233779847e-05,-9.714632665458468e-05,0.0012910905084261351,0.47928994082840237,-4.156085233779847e-05,9.714632665458468e-05,0.0009758661593983823,0.0007823792284946,-0.0010374678436487399,-0.000860962399424,-0.0001560404794722038,0.0002577866267916425,session_date,17
EVENT-02,5min,QQQ,long_reversal,2024,168,168,167,168,-1.8916587430524857e-05,0.0001750700280112,0.0013870552757023395,0.5449101796407185,1.8916587430524857e-05,-0.0001750700280112,0.0009439061289859507,0.0007998400319937,-0.0010473599627859366,-0.0006852287521984,-0.00021777783569701132,0.00017476492284156748,session_date,17
EVENT-02,5min,SPY,long_reversal,2022,185,185,185,185,-5.258055858743099e-05,5.6362796045483776e-05,0.001502062453268622,0.518918918918919,5.258055858743099e-05,-5.6362796045483776e-05,0.001071534482022227,0.0008989640981977,-0.0011274196924212414,-0.0008578352527397,-0.0002492447495958379,0.00018819549328791363,session_date,17
EVENT-02,5min,SPY,long_reversal,2023,180,180,178,180,1.4455612856032448e-06,4.445481723514e-06,0.0009677277899567785,0.5,-1.4455612856032448e-06,-4.445481723514e-06,0.0007220464998087219,0.00056009675074625,-0.0007923375460989844,-0.0006212754658637999,-0.00014179555452108693,0.00014205222229765694,session_date,17
EVENT-02,5min,SPY,long_reversal,2024,183,183,183,183,-1.2554102432611198e-05,5.4917897742923216e-05,0.0008689577686986966,0.546448087431694,1.2554102432611198e-05,-5.4917897742923216e-05,0.0005951997517944244,0.0005023412691291,-0.0006453281913709654,-0.0004132963334712,-0.00013761371491461188,9.927977517983133e-05,session_date,17
EVENT-02,60min,QQQ,long_reversal,2022,178,178,175,178,0.0003331836560723285,2.795951462286617e-05,0.00646318042393738,0.5028571428571429,-0.0003331836560723285,-2.795951462286617e-05,0.005256890870217731,0.0039837777698021,-0.004775286387506818,-0.0039543901408992,-0.000731159694405308,0.001250356460666033,session_date,17
EVENT-02,60min,QQQ,long_reversal,2023,169,169,162,169,-9.920248151876936e-05,0.00023078734010475,0.0040214485173969685,0.5123456790123457,9.920248151876936e-05,-0.00023078734010475,0.0030685746730421608,0.0025887334754044,-0.0031615264488617273,-0.00250203258969665,-0.0007177587878854697,0.00048581035379208985,session_date,17
EVENT-02,60min,QQQ,long_reversal,2024,168,168,165,168,-0.00026569111419009106,0.0004179988024899,0.004061830127916828,0.5333333333333333,0.00026569111419009106,-0.0004179988024899,0.0026612186783199366,0.0021159630743698,-0.003249248136566187,-0.0023981921320851,-0.000894506090789569,0.00029573350317810054,session_date,17
EVENT-02,60min,SPY,long_reversal,2022,185,185,182,185,0.00013037572182391023,-0.00030827150401295,0.004727862259361887,0.45604395604395603,-0.00013037572182391023,0.00030827150401295,0.003659758421443948,0.0028614972647643,-0.0035807899074774227,-0.0029817971565983,-0.0005873253178307308,0.0008081429933965989,session_date,17
EVENT-02,60min,SPY,long_reversal,2023,180,180,172,180,-0.00021559513563831786,-0.00019438427474074998,0.0030565608463324688,0.46511627906976744,0.00021559513563831786,0.00019438427474074998,0.0021867094873815694,0.0016930390262732001,-0.0024243004056549813,-0.0017778662923076,-0.0006750188089993648,0.00021886577328754955,session_date,17
EVENT-02,60min,SPY,long_reversal,2024,183,183,180,183,-0.00026561118402642785,0.00010532531251409999,0.0027187392258947157,0.5166666666666667,0.00026561118402642785,-0.00010532531251409999,0.0016719249388972319,0.00127087520619815,-0.002130644304675041,-0.0014376275126298,-0.000641038551035001,0.00013657184854787703,session_date,17
EVENT-02,session_close,QQQ,long_reversal,2022,178,178,177,178,-0.0006123036480624917,-0.0009631031848826,0.014200091714503869,0.4576271186440678,0.0006123036480624917,0.0009631031848826,0.009965217589366727,0.0068508126229867,-0.010043412544377045,-0.0074891067538126,-0.0027444951980352596,0.0016742743824674981,session_date,17
EVENT-02,session_close,QQQ,long_reversal,2023,169,169,169,169,0.0004760037024246753,0.0009251169245001,0.0076641827147691495,0.5384615384615384,-0.0004760037024246753,-0.0009251169245001,0.005783416296851859,0.0048749261374827,-0.005450212658231356,-0.004422857763065,-0.000629290448239675,0.0016160106815937402,session_date,17
EVENT-02,session_close,QQQ,long_reversal,2024,168,168,167,168,-0.00036627106828751094,0.0005621261860861,0.007769231434040694,0.5389221556886228,0.00036627106828751094,-0.0005621261860861,0.004966671534285723,0.003898517351432,-0.00591415030327228,-0.0042560953365355,-0.0016247233373023926,0.0008468196893543967,session_date,17
EVENT-02,session_close,SPY,long_reversal,2022,185,185,185,185,-0.0003721359471899109,-0.0006312467122567,0.01118993964066043,0.4540540540540541,0.0003721359471899109,0.0006312467122567,0.007723796784114674,0.0058905723444477,-0.008033782712947987,-0.005734040492105,-0.0020277642725038316,0.0012553033226875125,session_date,17
EVENT-02,session_close,SPY,long_reversal,2023,180,180,178,180,0.00026565819144872373,0.0004352061388256,0.006223910588611034,0.5617977528089888,-0.00026565819144872373,-0.0004352061388256,0.004483899526874563,0.00368576807714255,-0.004516289033001018,-0.0034218301166508503,-0.0006354008453683471,0.0012094904784932135,session_date,17
EVENT-02,session_close,SPY,long_reversal,2024,183,183,183,183,-7.853766370209332e-05,0.0003056795255853,0.005514183559829495,0.5300546448087432,7.853766370209332e-05,-0.0003056795255853,0.003563041240000511,0.0027411536011927,-0.004273773766892238,-0.0029791251442357,-0.000902084224672326,0.0006285628970437666,session_date,17
EVENT-03,15min,QQQ,short_reversal,2022,173,173,172,173,-7.638124146926681e-05,1.6956620101982178e-05,0.0036260454709918415,0.5,7.638124146926681e-05,-1.6956620101982178e-05,0.0024767206882436855,0.00184224106968575,0.0026367372465315093,0.0019904203327872497,-0.0005610325559677612,0.00044975006535592256,session_date,17
EVENT-03,15min,QQQ,short_reversal,2023,176,176,173,176,1.866214693236882e-05,-0.0001582388927194,0.0021010893838959038,0.4508670520231214,-1.866214693236882e-05,0.0001582388927194,0.0017410169464956732,0.0013039544414286,0.0016332643765219431,0.0012498733236494,-0.00029491548367893027,0.00031421608056739285,session_date,17
EVENT-03,15min,QQQ,short_reversal,2024,182,182,177,182,-6.605514273259482e-05,-2.073097414845293e-05,0.0016974436193569128,0.4858757062146893,6.605514273259482e-05,2.073097414845293e-05,0.0014104941361289564,0.0009604572713644,0.0012685034738457394,0.000948174186536,-0.0003308754057096078,0.0001772146983978024,session_date,17
EVENT-03,15min,SPY,short_reversal,2022,180,180,179,180,0.00010394353123746357,-7.933138170690412e-05,0.0025646975062703554,0.4860335195530726,-0.00010394353123746357,7.933138170690412e-05,0.0019851574584335073,0.0014790635997348,0.00174276413186679,0.0012357827768497,-0.000275414266054939,0.0004969884257700532,session_date,17
EVENT-03,15min,SPY,short_reversal,2023,197,197,194,197,4.0122104150576394e-05,-6.656600570942306e-05,0.0015039940449300588,0.4896907216494845,-4.0122104150576394e-05,6.656600570942306e-05,0.001159430216872537,0.00081347513272075,0.0010554407443095317,0.0007985045525607,-0.00016297342120954084,0.00024334694718687212,session_date,17
EVENT-03,15min,SPY,short_reversal,2024,199,199,193,199,-2.8903101347672026e-05,-5.7317695610459296e-05,0.0010907016034315952,0.47150259067357514,2.8903101347672026e-05,5.7317695610459296e-05,0.0009224787197031282,0.0006313023597057,0.0008033416798196609,0.0006422396047756,-0.00017993287728236605,0.00011167654211314152,session_date,17
EVENT-03,30min,QQQ,short_reversal,2022,173,173,171,173,9.85422093758048e-05,-0.0001564210855624,0.005086904759111518,0.49122807017543857,-9.85422093758048e-05,0.0001564210855624,0.00368648488786056,0.0027762730227518,0.0035663605488001245,0.0028500306648869,-0.0006136208490131807,0.0008243743217227494,session_date,17
EVENT-03,30min,QQQ,short_reversal,2023,176,176,173,176,0.0002030454380927224,-0.0002581444576386,0.0030950075383648435,0.4508670520231214,-0.0002030454380927224,0.0002581444576386,0.00254651003793024,0.0018968740177887,0.0021797006479024068,0.0018453279651066,-0.0002925625885759556,0.0006486523182200092,session_date,17
EVENT-03,30min,QQQ,short_reversal,2024,182,182,176,182,-0.0002103126905198437,-0.0002676946485734,0.002456052132818046,0.45454545454545453,0.0002103126905198437,0.0002676946485734,0.0019232827052051407,0.00131339902722965,0.0018099588835348323,0.0012944946659106,-0.0005884207975101722,0.00010066172699909355,session_date,17
EVENT-03,30min,SPY,short_reversal,2022,180,180,176,180,-1.53433739333765e-05,-7.177942062763787e-05,0.0036928855800617546,0.48863636363636365,1.53433739333765e-05,7.177942062763787e-05,0.002698333569267858,0.0019477234530218999,0.0025370412573218547,0.0020123258053824002,-0.0005177619624526339,0.0005218048875976049,session_date,17
EVENT-03,30min,SPY,short_reversal,2023,197,197,193,197,9.562900500636453e-05,3.744710596276235e-05,0.002274561750519746,0.5025906735751295,-9.562900500636453e-05,-3.744710596276235e-05,0.0016702453267523124,0.001232332377647,0.0014750823004357776,0.0010406979318896,-0.0002129289252336451,0.0004033403597155595,session_date,17
EVENT-03,30min,SPY,short_reversal,2024,199,199,191,199,-0.0001697140084710871,-0.0001825518831668,0.0015798716975369608,0.4031413612565445,0.0001697140084710871,0.0001825518831668,0.0012418699011134164,0.0008655263428511,0.0012780993589862394,0.0009746942968332,-0.0003919762423395641,4.080482693046412e-05,session_date,17
EVENT-03,5min,QQQ,short_reversal,2022,173,173,173,173,-0.00013826140332113635,-0.0001264346190026,0.00203687051956265,0.48554913294797686,0.00013826140332113635,0.0001264346190026,0.0014576623820323595,0.0011042751222589,0.0016008560415751135,0.0012574549112595,-0.0004529060120917483,0.00017892970602481994,session_date,17
EVENT-03,5min,QQQ,short_reversal,2023,176,176,176,176,7.873795795251855e-05,1.3488723427212966e-05,0.0012699290073511912,0.5,-7.873795795251855e-05,-1.3488723427212966e-05,0.000994788719322583,0.0007341573819507499,0.0009429181590645716,0.0008068994572955,-0.00010935353408098435,0.0002809662518304464,session_date,17
EVENT-03,5min,QQQ,short_reversal,2024,182,182,180,182,2.9849549015441715e-07,9.70459221300013e-06,0.0011234663094212508,0.5,-2.9849549015441715e-07,-9.70459221300013e-06,0.000818448648360505,0.0006140479353711999,0.0008183888692358467,0.0006250805596602501,-0.0001493726568120865,0.0001736862372168889,session_date,17
EVENT-03,5min,SPY,short_reversal,2022,180,180,180,180,1.79528581177734e-05,6.133703064198359e-05,0.0015647571415036386,0.5111111111111111,-1.79528581177734e-05,-6.133703064198359e-05,0.0011052108930664536,0.0008674526964094001,0.001081691080151604,0.00081629283505035,-0.00022484386649765985,0.0002506177084462749,session_date,17
EVENT-03,5min,SPY,short_reversal,2023,197,197,196,197,4.522754450168109e-05,-1.1627753214393799e-05,0.0008728632433133062,0.47959183673469385,-4.522754450168109e-05,1.1627753214393799e-05,0.0006703078085715427,0.0004287503381704,0.0006541903196540574,0.0004921554481715,-5.9173883349716586e-05,0.00017420430025976902,session_date,17
EVENT-03,5min,SPY,short_reversal,2024,199,199,197,199,2.59544965648071e-05,9.358564021955118e-06,0.0007592086336809522,0.5126903553299492,-2.59544965648071e-05,-9.358564021955118e-06,0.0005649563330259824,0.0003958922178255,0.0005013957842188404,0.0003791682892336,-7.433329542924196e-05,0.0001327198494149129,session_date,17
EVENT-03,60min,QQQ,short_reversal,2022,173,173,167,173,7.334097807209963e-05,-0.0002767187307832,0.006729726059580702,0.46706586826347307,-7.334097807209963e-05,0.0002767187307832,0.004949621681774999,0.0033234316637746,0.004537264877403807,0.0036887765557755,-0.0009633799605200581,0.0009723749403170538,session_date,17
EVENT-03,60min,QQQ,short_reversal,2023,176,176,170,176,-0.0002431836142268924,-0.00057804746045905,0.004050072089850011,0.4470588235294118,0.0002431836142268924,0.00057804746045905,0.0033110049477166914,0.0024106301484562,0.0030109684546003406,0.00243809423650465,-0.0009224012540075328,0.0003865910769407418,session_date,17
EVENT-03,60min,QQQ,short_reversal,2024,182,182,176,182,-0.0004340378725159629,-0.00060458413953065,0.003423183768113261,0.42045454545454547,0.0004340378725159629,0.00060458413953065,0.0024963488413391093,0.0018024377557015001,0.002536454330765969,0.002110707223296,-0.000909660241580401,0.0001095900126593118,session_date,17
EVENT-03,60min,SPY,short_reversal,2022,180,180,175,180,-9.652729816472972e-05,-0.000238573380042,0.004799503614052743,0.4857142857142857,9.652729816472972e-05,0.000238573380042,0.003648654519031391,0.0025676138308798,0.0033095658160385566,0.002682668549241,-0.0007649503645254072,0.0006593069682836405,session_date,17
EVENT-03,60min,SPY,short_reversal,2023,197,197,191,197,-2.765259857184607e-05,-7.15910451334345e-05,0.0030119814217194154,0.4869109947643979,2.765259857184607e-05,7.15910451334345e-05,0.002337872856544884,0.0016379291263639,0.0020435841302858778,0.001494396014944,-0.00043751051536252095,0.0004030766107552214,session_date,17
EVENT-03,60min,SPY,short_reversal,2024,199,199,187,199,-0.00025547084472927036,-0.0002824592787875,0.002410226281955441,0.4385026737967914,0.00025547084472927036,0.0002824592787875,0.0016848142718574079,0.0011767834157265,0.0018183668959263978,0.0013623462630085,-0.0005682170800633213,5.695467388332218e-05,session_date,17
EVENT-03,session_close,QQQ,short_reversal,2022,173,173,173,173,-0.0005636072154731947,-0.0018090121697182,0.013853333112056583,0.4393063583815029,0.0005636072154731947,0.0018090121697182,0.009986339299288782,0.0074224494083048,0.008827393282103779,0.0072106631989597,-0.0025615006775172224,0.001500454896266538,session_date,17
EVENT-03,session_close,QQQ,short_reversal,2023,176,176,176,176,-0.001237585706621678,-0.00155278076559735,0.008014586243432452,0.375,0.001237585706621678,0.00155278076559735,0.005746476770312004,0.00435750387652985,0.006238422190969706,0.0045860252308995,-0.002382586719100386,0.00013925751677970846,session_date,17
EVENT-03,session_close,QQQ,short_reversal,2024,182,182,180,182,-0.0005362400889087959,-0.0005831183915945999,0.0064620264379002,0.42777777777777776,0.0005362400889087959,0.0005831183915945999,0.004486281049323533,0.0031838589222834,0.004808168055644498,0.003945137208562349,-0.0014371748444204318,0.00028558085618114287,session_date,17
EVENT-03,session_close,SPY,short_reversal,2022,180,180,180,180,-0.0005200441807267836,-0.0011381607076911,0.010752587743493783,0.4388888888888889,0.0005200441807267836,0.0011381607076911,0.007779025107671992,0.005601372559626949,0.006803415206937697,0.0055816314262001,-0.0019657739339702888,0.0009612356935399334,session_date,17
EVENT-03,session_close,SPY,short_reversal,2023,197,197,196,197,-0.000582188966697196,-0.0006721181974631,0.006028344559997655,0.41836734693877553,0.000582188966697196,0.0006721181974631,0.0042014086620518944,0.0029139796442495,0.004305528121077429,0.0033529907073669,-0.0014253667009148732,0.0002560276210117776,session_date,17
EVENT-03,session_close,SPY,short_reversal,2024,199,199,197,199,-0.00016199317766150712,-0.0005445379332151,0.0052488520071537785,0.4416243654822335,0.00016199317766150712,0.0005445379332151,0.0036209753735650632,0.0024788101711179,0.003601739573572494,0.0028492253973584,-0.0008490276603582048,0.000544003725946766,session_date,17
EVENT-04,15min,QQQ,short_reversal,2022,173,173,172,173,-6.432829412016914e-05,1.6956620101982178e-05,0.0035936234673624957,0.5,6.432829412016914e-05,-1.6956620101982178e-05,0.002469703257770668,0.00184224106968575,0.002639141298757325,0.0019904203327872497,-0.0005535435561348778,0.0004584543112913572,session_date,17
EVENT-04,15min,QQQ,short_reversal,2023,176,176,173,176,1.4619514575850917e-05,-0.0001582388927194,0.002100965783504934,0.44508670520231214,-1.4619514575850917e-05,0.0001582388927194,0.0017302314550578352,0.0012961248512102,0.001637341815315446,0.0012498733236494,-0.0002968357340482763,0.00030741190622018565,session_date,17
EVENT-04,15min,QQQ,short_reversal,2024,182,182,177,182,-6.824767129665642e-05,-2.099076406381073e-05,0.0016975815099619053,0.480225988700565,6.824767129665642e-05,2.099076406381073e-05,0.0014131240895273141,0.0009604572713644,0.0012695779225920486,0.000948174186536,-0.00033472722603177565,0.00017685848507936554,session_date,17
EVENT-04,15min,SPY,short_reversal,2022,178,178,177,178,6.537150533947749e-05,-0.000126540632197,0.002563866910994706,0.4689265536723164,-6.537150533947749e-05,0.000126540632197,0.001965072177003654,0.0014469944700679,0.0017629187916936044,0.0012583846717804,-0.00034096343003504307,0.00045194574577960765,session_date,17
EVENT-04,15min,SPY,short_reversal,2023,196,196,193,196,3.1885627708338755e-05,-0.0001315529829639,0.0015057392801947737,0.48186528497409326,-3.1885627708338755e-05,0.0001315529829639,0.0011590231750163776,0.0008037228818855,0.0010566308235060258,0.0007840629374005,-0.00018475511202026897,0.00024363345441932144,session_date,17
EVENT-04,15min,SPY,short_reversal,2024,199,199,193,199,-2.3845511649609033e-05,-9.17751142615053e-06,0.001090372929932071,0.48186528497409326,2.3845511649609033e-05,9.17751142615053e-06,0.0009257869705596716,0.0006313023597057,0.0007991467614916697,0.0006405364127183,-0.00017540762457154068,0.00011348658409626484,session_date,17
EVENT-04,30min,QQQ,short_reversal,2022,173,173,171,173,8.735166626323288e-05,-0.0001564210855624,0.005097533299549421,0.49122807017543857,-8.735166626323288e-05,0.0001564210855624,0.0036767978002724914,0.0027762730227518,0.0035648802945540915,0.0028500306648869,-0.0006214532397726351,0.0008097791617736568,session_date,17
EVENT-04,30min,QQQ,short_reversal,2023,176,176,173,176,0.00019630747580191477,-0.0002780499430659,0.003096657202444038,0.44508670520231214,-0.00019630747580191477,0.0002780499430659,0.0025387248836391926,0.0017547280171574,0.0021863781227964315,0.0018453279651066,-0.0002927505852960337,0.0006423687153215338,session_date,17
EVENT-04,30min,QQQ,short_reversal,2024,182,182,176,182,-0.00020594444406523633,-0.0002676946485734,0.0024530843639174313,0.45454545454545453,0.00020594444406523633,0.0002676946485734,0.0019259276015205344,0.00131339902722965,0.0018097057029569806,0.0012944946659106,-0.0005863458804442337,0.00010705278389782583,session_date,17
EVENT-04,30min,SPY,short_reversal,2022,178,178,174,178,-6.97833455730768e-05,-0.0001216989843173322,0.0036968742200122065,0.4827586206896552,6.97833455730768e-05,0.0001216989843173322,0.0026688382300399057,0.00187288491256395,0.002579251435268047,0.00207971382226775,-0.000575133582063045,0.0005036440901395256,session_date,17
EVENT-04,30min,SPY,short_reversal,2023,196,196,192,196,7.527493960829607e-05,-7.72417728784891e-05,0.0022795466962435614,0.4895833333333333,-7.527493960829607e-05,7.72417728784891e-05,0.0016658581093093167,0.00121963613887025,0.0014888011242681794,0.0010498534482618,-0.00025519147068061036,0.00039621948610780186,session_date,17
EVENT-04,30min,SPY,short_reversal,2024,199,199,191,199,-0.00016995463051931926,-0.0001825518831668,0.0015790093362155395,0.4083769633507853,0.00016995463051931926,0.0001825518831668,0.001245648026186161,0.0008754182553887,0.001274186554095492,0.0009746942968332,-0.0003912688693114364,4.127303670628831e-05,session_date,17
EVENT-04,5min,QQQ,short_reversal,2022,173,173,173,173,-0.00017471953245040627,-0.0001264346190026,0.002098814422665601,0.4797687861271676,0.00017471953245040627,0.0001264346190026,0.0014489435198020344,0.0010803413878786,0.0016314555749275177,0.0012574549112595,-0.0005155924422445984,0.00014595157645557624,session_date,17
EVENT-04,5min,QQQ,short_reversal,2023,176,176,176,176,6.852245368511741e-05,1.3488723427212966e-05,0.0012647657421417649,0.5,-6.852245368511741e-05,-1.3488723427212966e-05,0.0009857001560691478,0.0007187632798270501,0.0009466958799882933,0.0008279026045324,-0.00011837712065081998,0.0002631801673068647,session_date,17
EVENT-04,5min,QQQ,short_reversal,2024,182,182,180,182,4.466095733840525e-06,2.1067706800992347e-05,0.0011232843095372643,0.5055555555555555,-4.466095733840525e-06,-2.1067706800992347e-05,0.000820271807164335,0.0006156754874085499,0.0008140108624107581,0.0006050589664106001,-0.00014466261389643528,0.00018247202692699667,session_date,17
EVENT-04,5min,SPY,short_reversal,2022,178,178,178,178,-1.6099069131607127e-06,-3.164587751636194e-05,0.0015694856885464553,0.4943820224719101,1.6099069131607127e-06,3.164587751636194e-05,0.0010970217020082002,0.0008324855371971,0.0010918355669640699,0.0008214851736410499,-0.0002387367897824506,0.00021575944837805107,session_date,17
EVENT-04,5min,SPY,short_reversal,2023,196,196,195,196,5.110696465990809e-05,-1.1077018509775272e-05,0.000873407523210633,0.48205128205128206,-5.110696465990809e-05,1.1077018509775272e-05,0.0006727315357410154,0.0004280498552184,0.000655303911152592,0.0004967709885743,-5.192425959187569e-05,0.0001926694340757563,session_date,17
EVENT-04,5min,SPY,short_reversal,2024,199,199,197,199,3.143217729260173e-05,1.6564244421979346e-05,0.0007601119660904182,0.5228426395939086,-3.143217729260173e-05,-1.6564244421979346e-05,0.0005718632379562339,0.0004035660564258,0.0004961980399141521,0.0003762383013671,-6.975726182457259e-05,0.00013742061813782974,session_date,17
EVENT-04,60min,QQQ,short_reversal,2022,173,173,167,173,8.777978587737445e-05,-0.0002767187307832,0.006718186077856822,0.46706586826347307,-8.777978587737445e-05,0.0002767187307832,0.004939702568136917,0.0033234316637746,0.004525951404529291,0.0036887765557755,-0.000954194526323473,0.0009891341056250135,session_date,17
EVENT-04,60min,QQQ,short_reversal,2023,176,176,170,176,-0.0002437562041179577,-0.0005490084872934,0.004050687884494553,0.4470588235294118,0.0002437562041179577,0.0005490084872934,0.0033030824083499187,0.0024106301484562,0.0030171542334783306,0.0024692920433198,-0.0009221918132137244,0.0003846664313975821,session_date,17
EVENT-04,60min,QQQ,short_reversal,2024,182,182,176,182,-0.00042912430677181056,-0.00060458413953065,0.0034188709399399185,0.42045454545454547,0.00042912430677181056,0.00060458413953065,0.002498993737654503,0.0018024377557015001,0.002536794275495491,0.002110707223296,-0.0009094279097447405,0.0001235564229317825,session_date,17
EVENT-04,60min,SPY,short_reversal,2022,178,178,172,178,-0.0001417937930995413,-0.00027891941606170004,0.004815982445682695,0.47674418604651164,0.0001417937930995413,0.00027891941606170004,0.0036175960963870475,0.0025319253499235996,0.00336303199564964,0.00273559218694435,-0.000838491510144253,0.0005848738807119735,session_date,17
EVENT-04,60min,SPY,short_reversal,2023,196,196,190,196,-5.0987896146876844e-05,-7.038961850769354e-05,0.0029866075330426123,0.48947368421052634,5.0987896146876844e-05,7.038961850769354e-05,0.002319913076522894,0.00164092988110105,0.0020513500205968957,0.0015031588297715502,-0.0004519209907765163,0.00037522312230451135,session_date,17
EVENT-04,60min,SPY,short_reversal,2024,199,199,187,199,-0.00023059509194850238,-0.0002824592787875,0.002432573488799879,0.4385026737967914,0.00023059509194850238,0.0002824592787875,0.0017128894416742675,0.0012099743976432,0.001811528978094558,0.0013623462630085,-0.0005503816510068247,8.815641443544573e-05,session_date,17
EVENT-04,session_close,QQQ,short_reversal,2022,173,173,173,173,-0.0005413634300788272,-0.0018090121697182,0.013843656966761231,0.4393063583815029,0.0005413634300788272,0.0018090121697182,0.009983980126330689,0.0074224494083048,0.008805591045439246,0.0072106631989597,-0.002528921669940289,0.001527573498705307,session_date,17
EVENT-04,session_close,QQQ,short_reversal,2023,176,176,176,176,-0.0012346553441002703,-0.00155278076559735,0.008013764298198311,0.375,0.0012346553441002703,0.00155278076559735,0.005738824317514554,0.00435750387652985,0.006235518969685605,0.0045860252308995,-0.00238052933681339,0.00014432435643000862,session_date,17
EVENT-04,session_close,QQQ,short_reversal,2024,182,182,180,182,-0.0005331892303596126,-0.0005831183915945999,0.006459239164816668,0.42777777777777776,0.0005331892303596126,0.0005831183915945999,0.004489318084134149,0.0031838589222834,0.004805162756921557,0.003945137208562349,-0.0014317942777974644,0.000287182556919464,session_date,17
EVENT-04,session_close,SPY,short_reversal,2022,178,178,178,178,-0.0006194496731254458,-0.00128987519252185,0.010759875564912114,0.43258426966292135,0.0006194496731254458,0.00128987519252185,0.007695454071806535,0.0054629459039755,0.006868204490158388,0.0055816314262001,-0.0022872303941938333,0.0010004811628202995,session_date,17
EVENT-04,session_close,SPY,short_reversal,2023,196,196,195,196,-0.0005946662949635859,-0.0006244006868407,0.0060227204246370855,0.4153846153846154,0.0005946662949635859,0.0006244006868407,0.004194572108512391,0.0029502787712389,0.004313529074559043,0.0033558589619822,-0.001386789675529118,0.0003313528047492032,session_date,17
EVENT-04,session_close,SPY,short_reversal,2024,199,199,197,199,-0.00015612627261508074,-0.0005445379332151,0.005254775266895815,0.4416243654822335,0.00015612627261508074,0.0005445379332151,0.003626912472820929,0.0024788101711179,0.0035952508743927153,0.0028492253973584,-0.0008419522046405461,0.000555025835641581,session_date,17
EVENT-05,15min,QQQ,long_reversal,2022,100,100,100,100,-0.0001417638618447783,0.00010628876590604999,0.0032135799127633187,0.52,0.0001417638618447783,-0.00010628876590604999,0.0023626195315456524,0.0017436189296313,-0.0023360677471241675,-0.0017709813118658001,-0.0006728507270455145,0.0004620863875718511,session_date,17
EVENT-05,15min,QQQ,long_reversal,2023,107,107,103,107,5.289212408191819e-05,0.0003832886163281,0.0021193607726358366,0.6116504854368932,-5.289212408191819e-05,-0.0003832886163281,0.001407273495084749,0.0010924421467257,-0.0013440936682387425,-0.0008514187530135,-0.00038450204347417614,0.000422457733584109,session_date,17
EVENT-05,15min,QQQ,long_reversal,2024,105,105,102,105,-0.00022761031546303875,-9.74430932332293e-06,0.0017077149824620914,0.49019607843137253,0.00022761031546303875,9.74430932332293e-06,0.0009958266422130213,0.00079108363270895,-0.001437350719498989,-0.00100316396746935,-0.0005609617177011201,9.296443213519689e-05,session_date,17
EVENT-05,15min,SPY,long_reversal,2022,109,109,108,109,0.00016208255358847803,0.00019792552788195,0.0022975499768004746,0.5370370370370371,-0.00016208255358847803,-0.00019792552788195,0.0018304885898599967,0.0015730180007661,-0.0015543583930648674,-0.00117383497524135,-0.0002717189769332036,0.0005657383569356625,session_date,17
EVENT-05,15min,SPY,long_reversal,2023,115,115,111,115,0.00012984952685910818,0.0002853552009696,0.0011974035927115097,0.6306306306306306,-0.00012984952685910818,-0.0002853552009696,0.0010042444148594724,0.0007643117372806,-0.0008082778765441121,-0.0005308111759879,-0.00010271582741924545,0.00035182316016849237,session_date,17
EVENT-05,15min,SPY,long_reversal,2024,112,112,110,112,-0.0001207633780270595,0.0001016258537825873,0.0011952823355329937,0.5545454545454546,0.0001207633780270595,-0.0001016258537825873,0.0007213212140700606,0.00060709254757225,-0.000958505082865899,-0.0005465825079505,-0.0003588616969227067,9.349436087532554e-05,session_date,17
EVENT-05,30min,QQQ,long_reversal,2022,100,100,100,100,0.0003096785177568609,0.0003449722400399,0.004227573073578004,0.54,-0.0003096785177568609,-0.0003449722400399,0.003390598093945726,0.0027477199354023,-0.0031741137700707395,-0.0024127828959997497,-0.0004803026886024592,0.0012090433227516819,session_date,17
EVENT-05,30min,QQQ,long_reversal,2023,107,107,102,107,-0.0002260763470258578,6.280136387126767e-05,0.002634068264028015,0.5196078431372549,0.0002260763470258578,-6.280136387126767e-05,0.0017866276242006934,0.00145269738045635,-0.001954653948394412,-0.00140548173149895,-0.0007096154743892237,0.00031183512023229336,session_date,17
EVENT-05,30min,QQQ,long_reversal,2024,105,105,100,105,1.3251567076352009e-05,-0.00011758439332045,0.0021789921460046964,0.48,-1.3251567076352009e-05,0.00011758439332045,0.0014966418443989554,0.001200226229861,-0.001874143051568083,-0.0015179873105528002,-0.00040788743607628105,0.00043169929740913347,session_date,17
EVENT-05,30min,SPY,long_reversal,2022,109,109,107,109,0.00037228208840721984,0.0002097810410384,0.0033134554301885604,0.5420560747663551,-0.00037228208840721984,-0.0002097810410384,0.0027511459546625625,0.0022673113056228,-0.0021971779341150074,-0.0016656912618736,-0.00026078484963322544,0.0009575373611946443,session_date,17
EVENT-05,30min,SPY,long_reversal,2023,115,115,109,115,0.00019895520605777757,0.0003910922977823,0.0017426157413903652,0.6422018348623854,-0.00019895520605777757,-0.0003910922977823,0.0013759329181321368,0.0011078542248483,-0.0011641774556054433,-0.0006969118806338,-0.00012471953202232197,0.0005175732843041373,session_date,17
EVENT-05,30min,SPY,long_reversal,2024,112,112,107,112,3.74373936867286e-05,0.0001590553980594,0.0015963090145013886,0.5420560747663551,-3.74373936867286e-05,-0.0001590553980594,0.0010956148490420938,0.0008626065450345,-0.0012816563158496931,-0.0007488532805268,-0.00028514994382198384,0.0003320787790898963,session_date,17
EVENT-05,5min,QQQ,long_reversal,2022,100,100,100,100,-0.00011097445613792131,-0.0002092576003905,0.0016505310938351515,0.44,0.00011097445613792131,0.0002092576003905,0.0012597933952542917,0.0009566083082398,-0.0013816307829087444,-0.0011291911677063001,-0.0003923200444488353,0.00023183009537031194,session_date,17
EVENT-05,5min,QQQ,long_reversal,2023,107,107,105,107,-6.65213163926751e-05,2.5959866047253755e-05,0.001077681577639314,0.5047619047619047,6.65213163926751e-05,-2.5959866047253755e-05,0.0007683873425519086,0.0005391335506512,-0.0007694582028282793,-0.0005085661612791,-0.0002759255659860987,0.00012736491466015616,session_date,17
EVENT-05,5min,QQQ,long_reversal,2024,105,105,103,105,-0.0003221049957803137,-0.0002103668798384,0.0010171331479779447,0.39805825242718446,0.0003221049957803137,0.0002103668798384,0.0005422787335947843,0.00037504688086,-0.000891009481267251,-0.0006088239238299,-0.0005161054784574601,-0.0001212098825004211,session_date,17
EVENT-05,5min,SPY,long_reversal,2022,109,109,109,109,0.00012777318627918546,-6.725100316073984e-05,0.001336165439281397,0.46788990825688076,-0.00012777318627918546,6.725100316073984e-05,0.0011070056862822622,0.0008222039510232,-0.0009270382311680639,-0.000763791361766,-0.00012169897760554168,0.00037571809370824525,session_date,17
EVENT-05,5min,SPY,long_reversal,2023,115,115,111,115,1.0872924195778374e-05,2.215409403194535e-05,0.0006945963015308067,0.5315315315315315,-1.0872924195778374e-05,-2.215409403194535e-05,0.0005612203328698393,0.0004245383145828,-0.00047418305896053885,-0.0003264115409159,-0.000114680652323393,0.00012639880222385622,session_date,17
EVENT-05,5min,SPY,long_reversal,2024,112,112,112,112,-5.297443893862115e-05,5.4523906399150945e-05,0.0007305640463644422,0.5267857142857143,5.297443893862115e-05,-5.4523906399150945e-05,0.00045891840167625346,0.00033541710564414997,-0.0005232204003471482,-0.00029770972496840004,-0.00020204722805099103,7.363021871527931e-05,session_date,17
EVENT-05,60min,QQQ,long_reversal,2022,100,100,97,100,0.0002184103365878696,2.730524533767209e-05,0.005479118013780184,0.5051546391752577,-0.0002184103365878696,-2.730524533767209e-05,0.004629552074291651,0.0037845785231975,-0.00425940377174061,-0.0034610127097693,-0.0009218252626751813,0.0012794787785494564,session_date,17
EVENT-05,60min,QQQ,long_reversal,2023,107,107,99,107,0.00013323112662904206,0.0003850173257795,0.0029925700301780015,0.5252525252525253,-0.00013323112662904206,-0.0003850173257795,0.002415212339848425,0.0020394522613924,-0.0024294458764342365,-0.0017352444481834,-0.00045583319956679717,0.0007463897423938269,session_date,17
EVENT-05,60min,QQQ,long_reversal,2024,105,105,98,105,-0.00011433193514627441,0.00014334135620396328,0.00278189851912355,0.5408163265306123,0.00011433193514627441,-0.00014334135620396328,0.0019609338109209964,0.00144934647302615,-0.0025024084360266903,-0.0019943871598846,-0.0006326378497153568,0.0004143075577008456,session_date,17
EVENT-05,60min,SPY,long_reversal,2022,109,109,103,109,0.0006292134982437685,0.000533548204447,0.004167011963060047,0.5436893203883495,-0.0006292134982437685,-0.000533548204447,0.003647645095197849,0.0027723562810504,-0.0029325947590443826,-0.002295557140451,-0.0001402377914953135,0.0014610543505018945,session_date,17
EVENT-05,60min,SPY,long_reversal,2023,115,115,106,115,0.00037547748486526766,0.00023354293825855,0.0021660378175455326,0.6037735849056604,-0.00037547748486526766,-0.00023354293825855,0.0019524512620850648,0.00153347269071795,-0.0015355717255600605,-0.00096438491455495,-5.952295182574963e-05,0.0007836398814761607,session_date,17
EVENT-05,60min,SPY,long_reversal,2024,112,112,104,112,9.566568813318013e-05,0.0001779295088447,0.002280563297216614,0.5673076923076923,-9.566568813318013e-05,-0.0001779295088447,0.0015315170831853224,0.0010089552510706501,-0.001643432260705904,-0.00107035211868225,-0.00033013891901043844,0.0005299469812719766,session_date,17
EVENT-05,session_close,QQQ,long_reversal,2022,100,100,100,100,0.0006050327292455895,-0.0010600545121918002,0.012433368069517824,0.45,-0.0006050327292455895,0.0010600545121918002,0.008926391360249473,0.00711225333882865,-0.00864724816569945,-0.0072493541210507,-0.0017114798136000475,0.0030075031444318587,session_date,17
EVENT-05,session_close,QQQ,long_reversal,2023,107,107,105,107,0.0008316116192554402,0.0008948194662481,0.006572663080340245,0.5714285714285714,-0.0008316116192554402,-0.0008948194662481,0.004851436263828095,0.0039649215655312,-0.004484205937486929,-0.0038416329807057,-0.0003987662164183538,0.0020238090479195755,session_date,17
EVENT-05,session_close,QQQ,long_reversal,2024,105,105,103,105,-0.00022554232686514545,0.0002257336343116,0.006593551835302898,0.5242718446601942,0.00022554232686514545,-0.0002257336343116,0.004238217423055066,0.0029860975132169,-0.004764172226012484,-0.0039727072765634,-0.0014859983414542925,0.0010128847382592787,session_date,17
EVENT-05,session_close,SPY,long_reversal,2022,109,109,109,109,0.0012609258761033222,0.0005140928496389,0.009992978059652933,0.5229357798165137,-0.0012609258761033222,-0.0005140928496389,0.007633759006332895,0.005832570905764,-0.006425628804246977,-0.0042229541289277,-0.0005386274149786034,0.0030990075940090893,session_date,17
EVENT-05,session_close,SPY,long_reversal,2023,115,115,111,115,0.0004446499649763422,0.0006182314317386,0.005505068123433097,0.5585585585585585,-0.0004446499649763422,-0.0006182314317386,0.004019458524543025,0.0027918963419,-0.003561033693510434,-0.0023523086228913,-0.0006246345674742382,0.0015279593588223472,session_date,17
EVENT-05,session_close,SPY,long_reversal,2024,112,112,112,112,0.0006472629218643193,0.0006144467433183,0.00448306582974422,0.5892857142857143,-0.0006472629218643193,-0.0006144467433183,0.0035023474619142866,0.0024286042734448,-0.00311557589202056,-0.002477782838386,-0.0001900737599420204,0.0014173238408827138,session_date,17
EVENT-06,15min,QQQ,short_reversal,2022,104,104,103,104,0.00045693048470613393,0.0004126735104531,0.0032081697747448857,0.5728155339805825,-0.00045693048470613393,-0.0004126735104531,0.002646644777130184,0.0023681295596043,0.0019235110053542816,0.0013111586501967,-0.00020918267136454344,0.0010446852437165418,session_date,17
EVENT-06,15min,QQQ,short_reversal,2023,106,106,105,106,-8.041332782904626e-05,5.561271306619986e-05,0.0022426769890472563,0.5047619047619047,8.041332782904626e-05,-5.561271306619986e-05,0.0016183923562185405,0.0011912157964399,0.0014336929928013254,0.0010135398529068,-0.0004797842929945256,0.00036464501432617087,session_date,17
EVENT-06,15min,QQQ,short_reversal,2024,107,107,106,107,-0.0002001610763839975,-0.00032986453740555,0.001615444744676996,0.46226415094339623,0.0002001610763839975,0.00032986453740555,0.0012165993098320763,0.000821402337947,0.001190437382404386,0.0008879331509893,-0.00047584139098559927,0.00011584048794709476,session_date,17
EVENT-06,15min,SPY,short_reversal,2022,105,105,104,105,0.00026053366312958745,7.753220896467017e-05,0.0022661760964470985,0.5192307692307693,-0.00026053366312958745,-7.753220896467017e-05,0.002008691208545921,0.0017176354800223,0.0014850784610030965,0.0011453176739264,-0.00015653843143678174,0.0007083315688736541,session_date,17
EVENT-06,15min,SPY,short_reversal,2023,109,109,107,109,0.00015681566345852508,8.588957055211122e-05,0.0013779391206512582,0.514018691588785,-0.00015681566345852508,-8.588957055211122e-05,0.0012187349816028825,0.0008518693800283,0.0008650280134086763,0.0005861791971516,-9.131430188902612e-05,0.00040320977947746523,session_date,17
EVENT-06,15min,SPY,short_reversal,2024,107,107,106,107,-2.257508624913874e-05,-0.00018513936168134998,0.0011583062113631438,0.42452830188679247,2.257508624913874e-05,0.00018513936168134998,0.0008848987837270456,0.0005564926150438501,0.0008375664596725814,0.0007081621158797999,-0.00025399441233797405,0.0001975393215110702,session_date,17
EVENT-06,30min,QQQ,short_reversal,2022,104,104,103,104,0.0008577223829239244,0.0010990898162458,0.004533133482247921,0.5728155339805825,-0.0008577223829239244,-0.0010990898162458,0.003953628802747859,0.0035013741952487,0.0027657621438843976,0.0019804885205018,-3.537187774092071e-05,0.001698050853331904,session_date,17
EVENT-06,30min,QQQ,short_reversal,2023,106,106,105,106,-0.000434944168219422,-0.0006376874558202,0.0033164995776956223,0.37142857142857144,0.000434944168219422,0.0006376874558202,0.002160980236590427,0.0015394998705824,0.0022162214266725393,0.0014875177855386,-0.0010739165038871196,0.00023269336671667318,session_date,17
EVENT-06,30min,QQQ,short_reversal,2024,107,107,103,107,-0.00031707261141435166,-0.0003846542967564,0.0018618341233691907,0.33980582524271846,0.00031707261141435166,0.0003846542967564,0.0015097021773540712,0.0010516876819697,0.0015880419259846957,0.0011745917263407,-0.0006674349079183347,4.471857473758699e-05,session_date,17
EVENT-06,30min,SPY,short_reversal,2022,105,105,104,105,0.0004412969314527689,8.95484201101e-05,0.0033754434809296634,0.5,-0.0004412969314527689,-8.95484201101e-05,0.0027618442684935007,0.0022669586271235,0.0021377708834525956,0.0014787573154809,-0.00016223917884724057,0.0011288374170445564,session_date,17
EVENT-06,30min,SPY,short_reversal,2023,109,109,103,109,4.88726296993251e-06,-6.783033372537162e-05,0.002316350080240747,0.49514563106796117,-4.88726296993251e-06,6.783033372537162e-05,0.0016097400781856172,0.0011016248967226,0.0013444089625154608,0.0008265951935855,-0.000436240646719156,0.0005136705630960226,session_date,17
EVENT-06,30min,SPY,short_reversal,2024,107,107,105,107,-0.00016906651988035708,-0.0001698849859712,0.0016448143636763148,0.4380952380952381,0.00016906651988035708,0.0001698849859712,0.0012005155599711886,0.0008773653360931,0.0012909501651624485,0.0009795175875881,-0.00047398114057022706,0.00013344178237993936,session_date,17
EVENT-06,5min,QQQ,short_reversal,2022,104,104,103,104,0.00032299878639260074,1.291389018032163e-05,0.0016313531155555778,0.5048543689320388,-0.00032299878639260074,-1.291389018032163e-05,0.0015399042558146496,0.0013428326308329,0.0011259573806953619,0.0008995294768892,6.1874237020111385e-06,0.0006062309782537169,session_date,17
EVENT-06,5min,QQQ,short_reversal,2023,106,106,106,106,9.582454176416684e-05,4.265785158463764e-05,0.0010810480556228059,0.5188679245283019,-9.582454176416684e-05,-4.265785158463764e-05,0.0009588684654646842,0.00063809999095405,0.0007006249200881207,0.00055844091852875,-8.689343803710719e-05,0.0002997932876273005,session_date,17
EVENT-06,5min,QQQ,short_reversal,2024,107,107,107,107,-5.750608853833941e-05,-0.0001705475714026,0.0009704421649153972,0.4205607476635514,5.750608853833941e-05,0.0001705475714026,0.0007702015282902706,0.000512788956577,0.0006915058935913645,0.0005306665144879,-0.00023051724162957815,0.00013762723468022992,session_date,17
EVENT-06,5min,SPY,short_reversal,2022,105,105,104,105,0.000283741405916819,0.0001267688358938,0.0013287003215422873,0.5673076923076923,-0.000283741405916819,-0.0001267688358938,0.0012301634647941327,0.00096738246318905,0.0008767850259043099,0.00065755673436125,2.4377096839066623e-05,0.0005219615704679479,session_date,17
EVENT-06,5min,SPY,short_reversal,2023,109,109,108,109,0.00014092735100857542,-3.4683891785181054e-05,0.0008937151609328452,0.48148148148148145,-0.00014092735100857542,3.4683891785181054e-05,0.0007172737375342159,0.0004608632374267,0.0005267405286058935,0.00037191964911979997,-3.754277826682976e-05,0.0003030154699127796,session_date,17
EVENT-06,5min,SPY,short_reversal,2024,107,107,107,107,-2.2982071429526493e-05,-0.0001141560996043,0.0007187193839383856,0.4392523364485981,2.2982071429526493e-05,0.0001141560996043,0.0005572842653708982,0.0004004966158035,0.0005264594326808317,0.0004472228621875,-0.00017381100765986862,0.00011325639613216686,session_date,17
EVENT-06,60min,QQQ,short_reversal,2022,104,104,98,104,-0.00011083620454864703,-0.0001935722474056,0.00544125555440281,0.45918367346938777,0.00011083620454864703,0.0001935722474056,0.004982873713921529,0.0039761600977311,0.003972028394038268,0.0029073004930177497,-0.0011731700183884892,0.0009150610021454648,session_date,17
EVENT-06,60min,QQQ,short_reversal,2023,106,106,101,106,-0.0004133842884608817,-0.0008345294922722,0.003840542759225579,0.33663366336633666,0.0004133842884608817,0.0008345294922722,0.00277878562439733,0.0020666494445877,0.002917433735656093,0.0023103688239387,-0.0011140557342279613,0.000298125984419373,session_date,17
EVENT-06,60min,QQQ,short_reversal,2024,107,107,98,107,-0.00036201072018352334,-0.00043171507156285,0.0025526477187415423,0.40816326530612246,0.00036201072018352334,0.00043171507156285,0.001982779596356559,0.0014863369110538,0.0021688268842666703,0.0016384012901131,-0.0008880950545328513,0.00015706043355205997,session_date,17
EVENT-06,60min,SPY,short_reversal,2022,105,105,99,105,-0.00020470651754004972,-0.0002631647312498,0.0040369044643394515,0.46464646464646464,0.00020470651754004972,0.0002631647312498,0.0033988395784555502,0.0029880976368019,0.0030021401684972734,0.0022916562889165,-0.0010578640361448971,0.0007296350214038707,session_date,17
EVENT-06,60min,SPY,short_reversal,2023,109,109,97,109,0.00023295385130447924,-4.784089485254661e-05,0.0033302177381022945,0.4948453608247423,-0.00023295385130447924,4.784089485254661e-05,0.0023279591963006503,0.0017942186288626,0.0017971531406878632,0.0010894670327276,-0.0004707884676037646,0.000792256771802259,session_date,17
EVENT-06,60min,SPY,short_reversal,2024,107,107,102,107,6.695134984067217e-05,5.312117779149306e-05,0.0018657697933602215,0.5294117647058824,-6.695134984067217e-05,-5.312117779149306e-05,0.0016327168042381073,0.0012855357832527,0.0015832094852776517,0.00128357119507615,-0.00030946040185093107,0.0004056674514925468,session_date,17
EVENT-06,session_close,QQQ,short_reversal,2022,104,104,103,104,0.0005184902785383396,3.503977013907811e-05,0.011044605246676333,0.5048543689320388,-0.0005184902785383396,-3.503977013907811e-05,0.009445375807374605,0.0071324912657888,0.007700240666612331,0.0061259366373078,-0.0015883807151924028,0.002532736041879487,session_date,17
EVENT-06,session_close,QQQ,short_reversal,2023,106,106,106,106,-0.0013773602324821182,-0.0019753395109873,0.007141156422542497,0.4056603773584906,0.0013773602324821182,0.0019753395109873,0.004520617281212507,0.0028930236202084503,0.00546625561712244,0.00429825462278275,-0.0027674839501778846,-4.264438444469064e-05,session_date,17
EVENT-06,session_close,QQQ,short_reversal,2024,107,107,107,107,-0.0005383230839509952,-0.0004114850036576,0.005673488298172106,0.4392523364485981,0.0005383230839509952,0.0004114850036576,0.0036360220719540946,0.0025222415848848,0.003886530062864163,0.0027979881830166,-0.001625869389406694,0.0005854751823035123,session_date,17
EVENT-06,session_close,SPY,short_reversal,2022,105,105,104,105,-0.0004939825625037996,-0.0007317025904427,0.00934416992592847,0.4326923076923077,0.0004939825625037996,0.0007317025904427,0.006881888329514052,0.004549429620215151,0.00619835134911865,0.00476439507072065,-0.0022847653731262745,0.0013744990916371666,session_date,17
EVENT-06,session_close,SPY,short_reversal,2023,109,109,108,109,-0.0005973116311694704,-0.0005017344909409,0.00565673803750033,0.4351851851851852,0.0005973116311694704,0.0005017344909409,0.0035034612732315388,0.00234734127673825,0.003488182547476288,0.00252971012810345,-0.0016538714601854806,0.0004270283315170973,session_date,17
EVENT-06,session_close,SPY,short_reversal,2024,107,107,107,107,-0.0005440540114284218,-0.0006320446644896,0.004083437166349657,0.4205607476635514,0.0005440540114284218,0.0006320446644896,0.0029937726306179953,0.0024299825008087,0.0031110425193681896,0.0024841153952405,-0.0013331942358769666,0.0002322169393284686,session_date,17
EVENT-07,15min,QQQ,long_reversal,2022,172,172,169,172,-0.00031695694122932584,-0.0003079810901001,0.0028431688105449706,0.46153846153846156,0.00031695694122932584,0.0003079810901001,0.0022501427418001757,0.0018119355469938,-0.002682474662188315,-0.0022758162910516,-0.0007004441390539533,0.00010690208124281222,session_date,17
EVENT-07,15min,QQQ,long_reversal,2023,161,161,160,161,-0.0003743218477991198,-0.0001809702714382,0.002027485000197806,0.45625,0.0003743218477991198,0.0001809702714382,0.0013522943848774218,0.0009659699576785501,-0.0019243307526884417,-0.00167885469158055,-0.0006934299339305898,-5.834820526033186e-05,session_date,17
EVENT-07,15min,QQQ,long_reversal,2024,162,162,160,162,-0.0003903922422225705,-0.0001732055694886,0.0017827041325619464,0.45,0.0003903922422225705,0.0001732055694886,0.0012311387102206495,0.0010036969420438,-0.0018702696053032367,-0.0014875785067749998,-0.0006530293477909228,-0.00011902410431004085,session_date,17
EVENT-07,15min,SPY,long_reversal,2022,170,170,168,170,-0.0004952249289017599,-0.00049545882931425,0.002227186648294924,0.39285714285714285,0.0004952249289017599,0.00049545882931425,0.0015631464360245772,0.0012323342571115,-0.0020945030286794795,-0.0017872505845941,-0.0008035765712997698,-0.0001136027011915079,session_date,17
EVENT-07,15min,SPY,long_reversal,2023,170,170,167,170,-0.0001445221420013169,-0.0001360898201869,0.0014276975347187817,0.46706586826347307,0.0001445221420013169,0.0001360898201869,0.001041822267443566,0.0008761895490057,-0.001307748290972908,-0.000968629609246,-0.0003587371309274544,6.544151742683047e-05,session_date,17
EVENT-07,15min,SPY,long_reversal,2024,177,177,175,177,-0.00027241598179370956,-5.166217430363496e-05,0.001238824044799968,0.46285714285714286,0.00027241598179370956,5.166217430363496e-05,0.0007952952195535773,0.0006736807086125,-0.0012399164116613458,-0.0008811942774207,-0.00044661352118630397,-0.00010359878977148823,session_date,17
EVENT-07,30min,QQQ,long_reversal,2022,172,172,168,172,-0.0005238899072918231,-0.00059622289968805,0.004479211439805551,0.44047619047619047,0.0005238899072918231,0.00059622289968805,0.0032152638308464354,0.0024789503186227503,-0.0037612312949402557,-0.0031643575965213,-0.0012190865716089337,0.0001393840283654852,session_date,17
EVENT-07,30min,QQQ,long_reversal,2023,161,161,158,161,-0.000411896780478571,-0.00026796360770820003,0.0027761185098392938,0.44936708860759494,0.000411896780478571,0.00026796360770820003,0.0019769795777625607,0.00146597903332255,-0.002482011273555269,-0.0020167499756147,-0.0008109560022236978,4.348642676287952e-05,session_date,17
EVENT-07,30min,QQQ,long_reversal,2024,162,162,160,162,-0.0004152023056034781,-0.00010159416650992403,0.0027734838943878517,0.46875,0.0004152023056034781,0.00010159416650992403,0.0017361303575186675,0.0013244610667164998,-0.0025517466019558616,-0.0019694175548327503,-0.0008342980070414608,-1.1550094330480523e-05,session_date,17
EVENT-07,30min,SPY,long_reversal,2022,170,170,167,170,-0.0006147019663022865,-0.0002288978025811,0.0033157303408157717,0.47305389221556887,0.0006147019663022865,0.0002288978025811,0.0022113413887759723,0.0017389612442693,-0.0028643891788572434,-0.0023048769676937,-0.001069998348847963,-0.00014423230721206747,session_date,17
EVENT-07,30min,SPY,long_reversal,2023,170,170,166,170,-0.0002548880275964465,-0.00020558571059649998,0.0021172096314104835,0.42771084337349397,0.0002548880275964465,0.00020558571059649998,0.0014718188009374825,0.0010743961474517,-0.0017912039407702838,-0.00139460218937125,-0.0006063934823455344,3.379511142622782e-05,session_date,17
EVENT-07,30min,SPY,long_reversal,2024,177,177,174,177,-0.0004131283068043295,-8.335194464107007e-05,0.0019558648938869626,0.46551724137931033,0.0004131283068043295,8.335194464107007e-05,0.0011201610356810835,0.00079432606155875,-0.0017062790118545987,-0.0013099830646374501,-0.000701153043330524,-0.0001414194686839803,session_date,17
EVENT-07,5min,QQQ,long_reversal,2022,172,172,170,172,-0.0002908541657761164,-0.00033545175359065,0.001995034849715333,0.4117647058823529,0.0002908541657761164,0.00033545175359065,0.001377924109693373,0.0011301617431323501,-0.001645347642146798,-0.00135599559271255,-0.0005846414007088031,2.195067467613275e-05,session_date,17
EVENT-07,5min,QQQ,long_reversal,2023,161,161,161,161,-0.00023640487400679726,-0.0003056868933444,0.0012864953771687334,0.38509316770186336,0.00023640487400679726,0.0003056868933444,0.0008500646879230213,0.0006185456110154,-0.0011579297505459973,-0.0009925954199243,-0.0004159494418907668,-3.0076625193580575e-05,session_date,17
EVENT-07,5min,QQQ,long_reversal,2024,162,162,161,162,-0.00023123925269333303,-7.862759113663742e-05,0.0013265315815520048,0.4720496894409938,0.00023123925269333303,7.862759113663742e-05,0.0008533688857982812,0.0007449820140057,-0.0011055880188221546,-0.0007109754978433,-0.0004386688597813764,-2.21046621247842e-05,session_date,17
EVENT-07,5min,SPY,long_reversal,2022,170,170,170,170,-0.000201005509486397,-0.00030372049543635,0.0014666379492229854,0.4588235294117647,0.000201005509486397,0.00030372049543635,0.0010028336144184897,0.00080561280883055,-0.001165293329630341,-0.0009203997870023499,-0.00039675351026468864,3.454654955263899e-05,session_date,17
EVENT-07,5min,SPY,long_reversal,2023,170,170,168,170,-0.0001260507426780267,-9.505667954856634e-05,0.0008640673939772376,0.47619047619047616,0.0001260507426780267,9.505667954856634e-05,0.0006381923614097862,0.0005042981698771,-0.000823738321238672,-0.00064225431486015,-0.00026117418529035693,1.2432288232929927e-05,session_date,17
EVENT-07,5min,SPY,long_reversal,2024,177,177,177,177,-0.00011133090061150384,-1.7755432107580127e-05,0.0008525396642731179,0.4858757062146893,0.00011133090061150384,1.7755432107580127e-05,0.000557732041558524,0.0004474795229478,-0.0006921432717047156,-0.0004751847940867,-0.00023188220864981968,7.321338072454446e-07,session_date,17
EVENT-07,60min,QQQ,long_reversal,2022,172,172,167,172,-0.00024209567634620547,-0.0004993036028696,0.006422655566255517,0.4550898203592814,0.00024209567634620547,0.0004993036028696,0.00472929517464068,0.0034463487332341,-0.005146841900851443,-0.0042882914855232,-0.0011663633973382625,0.0006444183347432271,session_date,17
EVENT-07,60min,QQQ,long_reversal,2023,161,161,155,161,-0.0004965170973927667,-0.0002148804727369,0.003921290600453393,0.4838709677419355,0.0004965170973927667,0.0002148804727369,0.002701027086065896,0.0019672723456767,-0.0034165575838789935,-0.0028230666751252,-0.0010726808786574572,9.712942619975429e-05,session_date,17
EVENT-07,60min,QQQ,long_reversal,2024,162,162,158,162,-0.0004967427184274089,8.217862609249576e-05,0.00402300818004901,0.5063291139240507,0.0004967427184274089,-8.217862609249576e-05,0.002364469001220053,0.0018533841291401999,-0.003483351626005209,-0.0026618938985264002,-0.0011438224264419146,0.00015909858426062508,session_date,17
EVENT-07,60min,SPY,long_reversal,2022,170,170,167,170,-0.0006947156528748727,-0.0006719865602687,0.004268847706037216,0.40718562874251496,0.0006947156528748727,0.0006719865602687,0.0029856896234919726,0.0023852815942537,-0.003944172987024376,-0.0033703629792234,-0.0012899997245400332,5.440957343994756e-07,session_date,17
EVENT-07,60min,SPY,long_reversal,2023,170,170,163,170,-0.00043443897216882894,-0.0004409051633543,0.003077435567953432,0.4171779141104294,0.00043443897216882894,0.0004409051633543,0.0020181023844975006,0.0014393403430019,-0.0025661451575449993,-0.001889919984458,-0.0008829485151730158,2.7948945657999865e-05,session_date,17
EVENT-07,60min,SPY,long_reversal,2024,177,177,173,177,-0.00047670884732184296,-0.0001463448228367,0.0027557449998098713,0.4624277456647399,0.00047670884732184296,0.0001463448228367,0.0014699801673945599,0.0010956140655977,-0.0023093190769666073,-0.0015381528790208,-0.0008906382561511668,-6.135243958954824e-05,session_date,17
EVENT-07,session_close,QQQ,long_reversal,2022,172,172,170,172,-0.0012655713973169387,-0.0014281619914437499,0.013881344717238085,0.43529411764705883,0.0012655713973169387,0.0014281619914437499,0.00946029361521455,0.00609227395031915,-0.010400296406720072,-0.0081961574424828,-0.0035170601921137804,0.0008160720737449213,session_date,17
EVENT-07,session_close,QQQ,long_reversal,2023,161,161,161,161,6.472861437643e-05,0.0004112622587788,0.0075971070312589855,0.515527950310559,-6.472861437643e-05,-0.0004112622587788,0.005418119805246794,0.0045572483447902,-0.0057020014905685736,-0.0045377394436939,-0.0010492834677203991,0.0012037813235819715,session_date,17
EVENT-07,session_close,QQQ,long_reversal,2024,162,162,161,162,-0.0006749555345340929,0.0004407135362014,0.0076610562574971905,0.5279503105590062,0.0006749555345340929,-0.0004407135362014,0.004662240082376003,0.0036563589467417,-0.006118823031471184,-0.0042745135084073,-0.0019360816173975756,0.0004435504713667027,session_date,17
EVENT-07,session_close,SPY,long_reversal,2022,170,170,170,170,-0.0013462685602035568,-0.0016049151848351,0.010826359898880599,0.4176470588235294,0.0013462685602035568,0.0016049151848351,0.006949413199263424,0.0048244859001733,-0.008656862303791568,-0.0065945767917497,-0.0030127670064902835,0.00012298488186018172,session_date,17
EVENT-07,session_close,SPY,long_reversal,2023,170,170,168,170,-7.864001212612911e-05,0.0001209955825173917,0.00617110277306323,0.5357142857142857,7.864001212612911e-05,-0.0001209955825173917,0.004224664966340693,0.0034747535812763002,-0.004713028781493074,-0.00377850431777815,-0.000983574692710612,0.0009116337639198846,session_date,17
EVENT-07,session_close,SPY,long_reversal,2024,177,177,177,177,-0.0003100795599202984,0.0001027861193194,0.0054530415528238705,0.5141242937853108,0.0003100795599202984,-0.0001027861193194,0.003298675347853528,0.0022307230588678,-0.004404215977765969,-0.0031104827307615,-0.0011055340805063683,0.0005164622369359977,session_date,17
EVENT-08,15min,QQQ,short_reversal,2022,165,165,164,165,-0.0006405877163035004,-0.0004467439154692,0.0032480737141891486,0.42073170731707316,0.0006405877163035004,0.0004467439154692,0.0020203198249455177,0.00145227286732745,0.002808368558184664,0.00214155347716255,-0.0011267129734991695,-0.00018450487198131863,session_date,17
EVENT-08,15min,QQQ,short_reversal,2023,171,171,168,171,-0.000356350229910053,-0.0003743109540901,0.0018089737165055087,0.375,0.000356350229910053,0.0003743109540901,0.0013812492753196564,0.00091847649330605,0.0017459845089479711,0.00149745044080045,-0.0006284241659125528,-5.981232413710694e-05,session_date,17
EVENT-08,15min,QQQ,short_reversal,2024,176,176,171,176,-0.00038173556692207186,-0.0001813602015112,0.0015065245580147002,0.39766081871345027,0.00038173556692207186,0.0001813602015112,0.0011234721116762532,0.0008441871683551,0.0013469117777720582,0.0011051009131621,-0.000594675188999512,-0.0001479290758634989,session_date,17
EVENT-08,15min,SPY,short_reversal,2022,171,171,170,171,-0.00031603981230982195,-0.0002617226606995,0.002409691273431393,0.4294117647058823,0.00031603981230982195,0.0002617226606995,0.0016208334701923919,0.0012774877422022002,0.0019341739364837015,0.0014439203766235,-0.0007141615726484933,5.499103338772674e-05,session_date,17
EVENT-08,15min,SPY,short_reversal,2023,190,190,186,190,-0.00013560014384370042,-0.00020779611335795,0.0015131225069824404,0.44623655913978494,0.00013560014384370042,0.00020779611335795,0.0010383953670799115,0.00071017709848795,0.0011310427009497868,0.00082844140005335,-0.0003320150390607623,7.01443831775805e-05,session_date,17
EVENT-08,15min,SPY,short_reversal,2024,196,196,190,196,-0.00015366747474135684,-0.00017434561345740002,0.0010113866234515339,0.42105263157894735,0.00015366747474135684,0.00017434561345740002,0.0008002861738122176,0.0005477031230176001,0.0008460316407440558,0.0007012066081339,-0.0002969378940755994,-1.462806771843626e-06,session_date,17
EVENT-08,30min,QQQ,short_reversal,2022,165,165,162,165,-0.00045625440042180364,-0.00044752310433525,0.004776251848691479,0.4506172839506173,0.00045625440042180364,0.00044752310433525,0.003135131624057345,0.00237061680523115,0.003773117433124128,0.0029905122500903,-0.0011358602666935891,0.0002961124984430675,session_date,17
EVENT-08,30min,QQQ,short_reversal,2023,171,171,167,171,-0.00023184472684223818,-0.0005949504052085,0.0028500537057184706,0.3772455089820359,0.00023184472684223818,0.0005949504052085,0.0020707429011565933,0.0013983517300881,0.002323542154174477,0.0020312336737393,-0.000653148811852039,0.00022952141277598922,session_date,17
EVENT-08,30min,QQQ,short_reversal,2024,176,176,171,176,-0.0005024372178577195,-0.0004557968797798,0.0023324417677081065,0.3742690058479532,0.0005024372178577195,0.0004557968797798,0.0016220642051295408,0.0010850371252899,0.001955844976656295,0.0014789647246927,-0.0008793383264283411,-0.0001482874461409082,session_date,17
EVENT-08,30min,SPY,short_reversal,2022,171,171,167,171,-0.0005899960505109039,-0.0004680312213758,0.003441333379596382,0.41916167664670656,0.0005899960505109039,0.0004680312213758,0.0022428979477339826,0.0016789034505224,0.002789701733744427,0.0023518118550515,-0.001141398374132863,-1.0508817156912653e-05,session_date,17
EVENT-08,30min,SPY,short_reversal,2023,190,190,185,190,-6.291752607231156e-05,-0.0002667377967457,0.0023240333746360436,0.4648648648648649,6.291752607231156e-05,0.0002667377967457,0.0015456056179438894,0.0010294282197604,0.001582332335777552,0.0012239902080783,-0.0003558223293851581,0.00028640500680532843,session_date,17
EVENT-08,30min,SPY,short_reversal,2024,196,196,188,196,-0.0002920114416834708,-0.0002855058590186,0.00150024644669014,0.3670212765957447,0.0002920114416834708,0.0002855058590186,0.00109242741239404,0.0007513233598527,0.00130208954298928,0.0010294840853660998,-0.0004904255520495632,-9.743483438914804e-05,session_date,17
EVENT-08,5min,QQQ,short_reversal,2022,165,165,165,165,-0.0003066585622698327,-0.0002773636584265,0.00194851488458832,0.46060606060606063,0.0003066585622698327,0.0002773636584265,0.001339782696646299,0.0010280406962317,0.001649617824391942,0.0013087401025392,-0.000585195513241987,-1.5063848854460733e-05,session_date,17
EVENT-08,5min,QQQ,short_reversal,2023,171,171,171,171,-6.922612234862737e-05,-0.0001035873950496,0.001119729875735488,0.4853801169590643,6.922612234862737e-05,0.0001035873950496,0.0008468862377789719,0.0006273696844056,0.0009681636924352274,0.0008403099810151,-0.000223105485234079,0.00010885411718582808,session_date,17
EVENT-08,5min,QQQ,short_reversal,2024,176,176,174,176,-0.00013934281472900118,-0.00012673745454935,0.0010940531495239598,0.4540229885057471,0.00013934281472900118,0.00012673745454935,0.0007418802376862237,0.00057102754537625,0.0008463086347868753,0.0006488832607157,-0.0003048678316504671,3.062944849843946e-05,session_date,17
EVENT-08,5min,SPY,short_reversal,2022,171,171,171,171,-0.0001961089787856126,-0.000105658978365,0.0014805969042497526,0.4444444444444444,0.0001961089787856126,0.000105658978365,0.0009706583653450271,0.0007855304159327,0.0011686852032122591,0.0008798195242001,-0.00039995010462527897,2.0220068921159896e-05,session_date,17
EVENT-08,5min,SPY,short_reversal,2023,190,190,189,190,-2.578305809449565e-05,-6.45369474023827e-05,0.0008646916717047968,0.455026455026455,2.578305809449565e-05,6.45369474023827e-05,0.0006313785159674477,0.0004145734770522,0.0006834594360434003,0.0005127519172463,-0.00014223318072553373,9.861873032261167e-05,session_date,17
EVENT-08,5min,SPY,short_reversal,2024,196,196,194,196,-6.394121416959045e-05,-5.208617909546742e-05,0.0007046646523377812,0.4587628865979381,6.394121416959045e-05,5.208617909546742e-05,0.0004951748681205744,0.00033152004119054996,0.0005247369173939494,0.00042683876526314996,-0.00016095456990570582,3.2813553810816405e-05,session_date,17
EVENT-08,60min,QQQ,short_reversal,2022,165,165,158,165,-0.0006193115349623886,-0.000723433735812,0.006365067563575726,0.43670886075949367,0.0006193115349623886,0.000723433735812,0.004283447901322585,0.0029567737334108,0.004823712394021181,0.00419213583034315,-0.0015691890389018769,0.00035960352084322435,session_date,17
EVENT-08,60min,QQQ,short_reversal,2023,171,171,165,171,-0.0005813554310189413,-0.0008232327131423,0.003924137047552157,0.4121212121212121,0.0005813554310189413,0.0008232327131423,0.0028397095417714343,0.0017321165430057,0.0031973784898682057,0.0027834008097167,-0.0011512440715318651,7.292188817460464e-05,session_date,17
EVENT-08,60min,QQQ,short_reversal,2024,176,176,171,176,-0.0007322164973730261,-0.0007962991051113,0.0032234379092793922,0.38596491228070173,0.0007322164973730261,0.0007962991051113,0.00219970487766691,0.0016215598949411,0.002701924659395785,0.0022520817562451,-0.0012361367359241743,-0.0003000373740944106,session_date,17
EVENT-08,60min,SPY,short_reversal,2022,171,171,166,171,-0.0006570521228506403,-0.0006277948419125,0.0046434570519408875,0.43373493975903615,0.0006570521228506403,0.0006277948419125,0.0031776644948757374,0.0022478068994501,0.003664788077011498,0.0030208589775758497,-0.0012940432099506657,1.1090001794427934e-05,session_date,17
EVENT-08,60min,SPY,short_reversal,2023,190,190,183,190,-0.00018289082673184325,-0.0002883270613407,0.0030708915153701546,0.45901639344262296,0.00018289082673184325,0.0002883270613407,0.002205075525704494,0.0014683922349427,0.0021465572353737325,0.001623962468423,-0.0005447966471070925,0.00025683982681913033,session_date,17
EVENT-08,60min,SPY,short_reversal,2024,196,196,184,196,-0.00032849871986946697,-0.000314527102887,0.0023455562106743746,0.41847826086956524,0.00032849871986946697,0.000314527102887,0.0015469193535604887,0.0009698217220226,0.0018406401437562445,0.00139127910481835,-0.0006805064316209961,2.3171179769667596e-05,session_date,17
EVENT-08,session_close,QQQ,short_reversal,2022,165,165,165,165,-0.0011649083875801894,-0.0025692376286157,0.013639514542118777,0.4121212121212121,0.0011649083875801894,0.0025692376286157,0.00927078542335688,0.006981300089047,0.009144515781486813,0.0075614959839358,-0.003030687827552389,0.0007579049993633557,session_date,17
EVENT-08,session_close,QQQ,short_reversal,2023,171,171,171,171,-0.0013804865340314959,-0.0016160143210426,0.007885691433453088,0.36257309941520466,0.0013804865340314959,0.0016160143210426,0.005356020286558317,0.0035812168828797,0.006294420765828387,0.0047869794159884,-0.0026126547717121836,-0.00021607018391793807,session_date,17
EVENT-08,session_close,QQQ,short_reversal,2024,176,176,174,176,-0.0006917144997911711,-0.00060080589077945,0.006473773039590743,0.41379310344827586,0.0006917144997911711,0.00060080589077945,0.004244130231853741,0.00283533179346315,0.004948824220007258,0.00405980883773405,-0.001564788415834882,0.00028826078916423996,session_date,17
EVENT-08,session_close,SPY,short_reversal,2022,171,171,171,171,-0.0011231184555678857,-0.0020527478238274,0.010497101127777842,0.4093567251461988,0.0011231184555678857,0.0020527478238274,0.007055223197942222,0.0047148288973384,0.00709558543355963,0.0059473528859312,-0.002627358737096972,0.00042386356918114673,session_date,17
EVENT-08,session_close,SPY,short_reversal,2023,190,190,189,190,-0.0006819376363711468,-0.0007844800169616,0.00594769398995288,0.4021164021164021,0.0006819376363711468,0.0007844800169616,0.0040363984708617,0.0027494208395915,0.004370318835637755,0.0033558589619822,-0.00151326941585517,0.00015868860259245774,session_date,17
EVENT-08,session_close,SPY,short_reversal,2024,196,196,194,196,-0.00018963883936470413,-0.0005319728217669,0.005272326769479196,0.44329896907216493,0.00018963883936470413,0.0005319728217669,0.0034918460464215327,0.0022883481539272997,0.003582582296417467,0.00267305141255115,-0.0009508719053670358,0.0005492444609030117,session_date,17
EVENT-09,15min,QQQ,long_reversal,2022,80,80,79,80,0.00040821110030019134,-3.165658931658655e-07,0.0037704347843532608,0.4936708860759494,-0.00040821110030019134,3.165658931658655e-07,0.0027310304520753443,0.0019753942124414,-0.002434577171074373,-0.001895244658856,-0.00038371241746584046,0.0012690347474221216,session_date,17
EVENT-09,15min,QQQ,long_reversal,2023,80,80,80,80,0.0002879492419909539,0.0002062637005185,0.002341634342399867,0.5625,-0.0002879492419909539,-0.0002062637005185,0.0016909302618751572,0.00110302302747095,-0.0015040875876970038,-0.0011761523524311999,-0.00025928744732491314,0.0008072484938200686,session_date,17
EVENT-09,15min,QQQ,long_reversal,2024,72,72,72,72,0.00013973764923775516,0.0002916605208035,0.0016569746688513591,0.6111111111111112,-0.00013973764923775516,-0.0002916605208035,0.0011400617549453,0.00090989459367245,-0.001073780987554216,-0.00073792354643215,-0.0002330601186635384,0.0005238102443192806,session_date,17
EVENT-09,15min,SPY,long_reversal,2022,71,71,71,71,0.00012727380120307522,9.68124500810852e-05,0.0023783940072288276,0.5070422535211268,-0.00012727380120307522,-9.68124500810852e-05,0.0017888090415650753,0.0013938225228162,-0.0018127982035046693,-0.0012763395544851,-0.00042616115231004824,0.000701287128117076,session_date,17
EVENT-09,15min,SPY,long_reversal,2023,56,56,56,56,-0.00010343814195118622,-4.450980701931062e-05,0.0017894757629088969,0.48214285714285715,0.00010343814195118622,4.450980701931062e-05,0.0010567162922942392,0.00068529663654475,-0.0012731287832977243,-0.0008326919981520001,-0.0005476569041962266,0.00038626766313142985,session_date,17
EVENT-09,15min,SPY,long_reversal,2024,47,47,47,47,0.00013954266513490954,0.0001982881126276,0.000940076574622112,0.6170212765957447,-0.00013954266513490954,-0.0001982881126276,0.0007548796675138889,0.0005452923097259,-0.0007896668591845126,-0.0005105432042172,-0.00011925254146833027,0.00037669355767097455,session_date,17
EVENT-09,30min,QQQ,long_reversal,2022,80,80,79,80,-0.00012431602801857479,0.0,0.004268103171793415,0.4936708860759494,0.00012431602801857479,0.0,0.0034684557056392697,0.0023667384930587,-0.0033017888881148407,-0.0024489012931142,-0.0010755373808909357,0.0008050132169760249,session_date,17
EVENT-09,30min,QQQ,long_reversal,2023,80,80,80,80,0.00025140043967332464,0.0006822860246109,0.002896890755659526,0.5625,-0.00025140043967332464,-0.0006822860246109,0.0022359874445089718,0.00180036070741125,-0.002132034194484001,-0.0014894909820020999,-0.0003614931225957263,0.0008637927870419518,session_date,17
EVENT-09,30min,QQQ,long_reversal,2024,72,72,71,72,0.0003389662400799445,0.0002245324112535,0.00250899876288717,0.5774647887323944,-0.0003389662400799445,-0.0002245324112535,0.0016832877325728124,0.0012717351091378,-0.0014026130840309903,-0.0010339441670149,-0.000232702061812225,0.0009123375567604105,session_date,17
EVENT-09,30min,SPY,long_reversal,2022,71,71,71,71,-0.00015404102049832846,-0.0001021741062133,0.0030986855156388696,0.4647887323943662,0.00015404102049832846,0.0001021741062133,0.0023449316798745193,0.0018588307190872,-0.0024638540398544185,-0.0017458777885548,-0.0008761529466081812,0.0005790932431226047,session_date,17
EVENT-09,30min,SPY,long_reversal,2023,56,56,56,56,-0.000337802268151586,-0.0002116220841985,0.0024213152366825696,0.44642857142857145,0.000337802268151586,0.0002116220841985,0.0014033993083876742,0.0009109505143638,-0.0019280727916078549,-0.0012852285004986501,-0.0010170477999632982,0.00028762668940384724,session_date,17
EVENT-09,30min,SPY,long_reversal,2024,47,47,47,47,0.00025103894619982615,0.0002949954883044,0.0014946248929464422,0.5957446808510638,-0.00025103894619982615,-0.0002949954883044,0.0011661672549702039,0.0009045169314263,-0.0011117240351585372,-0.0007057818391188,-0.00017382248684547278,0.0006316234268578188,session_date,17
EVENT-09,5min,QQQ,long_reversal,2022,80,80,79,80,8.610192767261502e-05,6.350819255684925e-05,0.0018469190531577953,0.5316455696202531,-8.610192767261502e-05,-6.350819255684925e-05,0.0014128256990062849,0.0009150371098383,-0.0014854539977106535,-0.0011552651320647,-0.000291372304820055,0.000485317056401329,session_date,17
EVENT-09,5min,QQQ,long_reversal,2023,80,80,80,80,0.00018296341274878775,0.00020114089991525,0.0011929473326057654,0.5375,-0.00018296341274878775,-0.00020114089991525,0.0009726848937023939,0.0008579516916514,-0.0008902836333835307,-0.00070417708541365,-6.614800285682696e-05,0.00041044125507480275,session_date,17
EVENT-09,5min,QQQ,long_reversal,2024,72,72,72,72,7.957949261439565e-05,0.00011300039643985,0.000796288501476275,0.5972222222222222,-7.957949261439565e-05,-0.00011300039643985,0.0006650884899770933,0.00054913433106565,-0.0005558886738301247,-0.0004098517368097,-0.00010600983412953807,0.0002678099081561604,session_date,17
EVENT-09,5min,SPY,long_reversal,2022,71,71,71,71,-3.3446612813248745e-05,0.0001242266888619,0.0014741890707001635,0.5774647887323944,3.3446612813248745e-05,-0.0001242266888619,0.0010136121142021687,0.0007291995819254,-0.0011306914158955308,-0.000763981767066,-0.00036586703299310323,0.00031828121498123416,session_date,17
EVENT-09,5min,SPY,long_reversal,2023,56,56,56,56,-0.00011176617099801559,-0.00017995471819255,0.0007807162978198655,0.4107142857142857,0.00011176617099801559,0.00017995471819255,0.0005465769696989658,0.00041091111209995,-0.0007082695793951232,-0.00060004475131235,-0.0003043662563397354,9.575060178712568e-05,session_date,17
EVENT-09,5min,SPY,long_reversal,2024,47,47,47,47,-2.1482714446776922e-05,1.91000076401604e-05,0.0005922101662641812,0.5106382978723404,2.1482714446776922e-05,-1.91000076401604e-05,0.00043021850295830034,0.0003260193042944,-0.0005079322530052835,-0.0003644061914346,-0.00020429407134568443,0.00012280190900339287,session_date,17
EVENT-09,60min,QQQ,long_reversal,2022,80,80,79,80,-0.000851719992725214,-0.0003465603881477,0.005964330148124661,0.46835443037974683,0.000851719992725214,0.0003465603881477,0.004360340908002782,0.0033718689788053,-0.004808732952463407,-0.0037038209503307,-0.002086730813302987,0.0004879315579317147,session_date,17
EVENT-09,60min,QQQ,long_reversal,2023,80,80,80,80,0.0002734420593317976,0.00057767321453435,0.0036472246672521794,0.5625,-0.0002734420593317976,-0.00057767321453435,0.0030815473839191005,0.0027314191216779,-0.0027369141024248126,-0.0018558506595039,-0.0005223399974557371,0.0009950957785250924,session_date,17
EVENT-09,60min,QQQ,long_reversal,2024,72,72,70,72,0.00058058660966759,0.000223254921148,0.0030008532749716947,0.5571428571428572,-0.00058058660966759,-0.000223254921148,0.0023125907447674697,0.0018579568692197,-0.0019493946760650166,-0.00135512552432855,-2.8503063108263632e-05,0.001376182925464166,session_date,17
EVENT-09,60min,SPY,long_reversal,2022,71,71,71,71,-0.00016982055358097096,0.0001889695758983,0.003996679614127493,0.5352112676056338,0.00016982055358097096,-0.0001889695758983,0.00310089944024876,0.0025407373024211,-0.003453200964949333,-0.0025007388546616,-0.0011061889434545124,0.0006716524162283235,session_date,17
EVENT-09,60min,SPY,long_reversal,2023,56,56,56,56,-0.0002155707943819242,0.00028335717761925,0.003307343110494873,0.5357142857142857,0.0002155707943819242,-0.00028335717761925,0.0019502934706311533,0.00117652038823175,-0.002511447232353474,-0.00168645631936275,-0.0011529499065713342,0.0006504464892830266,session_date,17
EVENT-09,60min,SPY,long_reversal,2024,47,47,47,47,0.0004042991796319799,0.0002750704991836,0.0022054860146571765,0.5319148936170213,-0.0004042991796319799,-0.0002750704991836,0.001870818126801057,0.0013898191560615,-0.001512129343345208,-0.0009418685349812,-0.00020754354425315185,0.0009491164702151771,session_date,17
EVENT-09,session_close,QQQ,long_reversal,2022,80,80,79,80,-0.00025768137906968477,0.003618194348725,0.01308444953146691,0.5569620253164557,0.00025768137906968477,-0.003618194348725,0.008410900083533124,0.0076476419770572,-0.010110706527816402,-0.0069786682974207,-0.003231693560478613,0.002593707368041552,session_date,17
EVENT-09,session_close,QQQ,long_reversal,2023,80,80,80,80,0.0018253212955139729,0.00102431514409435,0.00847202923383068,0.6,-0.0018253212955139729,-0.00102431514409435,0.006670298206518875,0.00546601150806785,-0.00497033199859578,-0.0033407088529542996,5.6438617256162515e-05,0.003397677408053075,session_date,17
EVENT-09,session_close,QQQ,long_reversal,2024,72,72,72,72,0.001100403415044521,0.0008309687360865,0.0049864484885546725,0.5694444444444444,-0.001100403415044521,-0.0008309687360865,0.0043467396871112686,0.0034340416345000502,-0.0037556042001892893,-0.00321087807742485,-0.00018095628775118455,0.0021924051184720175,session_date,17
EVENT-09,session_close,SPY,long_reversal,2022,71,71,71,71,0.00160015322107071,0.0033318466825824,0.00906523274039216,0.6901408450704225,-0.00160015322107071,-0.0033318466825824,0.006559039688461861,0.0060099294486544,-0.006614346095502321,-0.0053013392857141,-0.0008786077192057455,0.0038181927328211577,session_date,17
EVENT-09,session_close,SPY,long_reversal,2023,56,56,56,56,0.0001446894047895536,0.0009547840161744,0.007103792840924212,0.5535714285714286,-0.0001446894047895536,-0.0009547840161744,0.004250566282886501,0.0037341347083128,-0.004465024047443971,-0.0025175810073572,-0.0017011660440302552,0.00179214188052599,session_date,17
EVENT-09,session_close,SPY,long_reversal,2024,47,47,47,47,0.0005149325517974124,0.0005710410792676,0.004792965673178974,0.5957446808510638,-0.0005149325517974124,-0.0005710410792676,0.0035819194553265887,0.0025480803860835,-0.002988443836409802,-0.0025304679858162,-0.000956620646565926,0.0016548034439245898,session_date,17
EVENT-10,15min,QQQ,short_reversal,2022,75,75,75,75,0.00047217625756594404,0.000699227353774,0.0035753057642312165,0.56,-0.00047217625756594404,-0.000699227353774,0.0027919606694046,0.0022810074449548,0.0022563094866168186,0.001485130582823,-0.0004568656610158692,0.0012996008390776395,session_date,17
EVENT-10,15min,QQQ,short_reversal,2023,64,64,64,64,-9.55499371576025e-05,-0.00023921025395270002,0.002302970071012276,0.453125,9.55499371576025e-05,0.00023921025395270002,0.0016491919498820863,0.0012200085275794,0.0016587901989337293,0.00108921657919625,-0.0007275074575582134,0.00040216878597423454,session_date,17
EVENT-10,15min,QQQ,short_reversal,2024,66,66,66,66,6.0668433565141284e-05,-0.0001460179269229,0.001368655519894487,0.42424242424242425,-6.0668433565141284e-05,0.0001460179269229,0.001304187693312079,0.00082835161814595,0.0011670273783612364,0.0010070317309691,-0.0002564112715286877,0.0004077209337056314,session_date,17
EVENT-10,15min,SPY,short_reversal,2022,67,67,66,67,-0.0003503736038922888,-0.0002908365426434866,0.002828704203588301,0.45454545454545453,0.0003503736038922888,0.0002908365426434866,0.001788533388224019,0.0013687017893701998,0.0020007548005280327,0.00143098652693195,-0.0010314752890727042,0.0002355508216515247,session_date,17
EVENT-10,15min,SPY,short_reversal,2023,65,65,65,65,-0.00020423370589923808,-0.0002556151991019,0.001742421382310403,0.4461538461538462,0.00020423370589923808,0.0002556151991019,0.0010939947711614954,0.0007467220169088,0.001231710273356881,0.0007280139778683,-0.0006258248478937644,0.00020799069137040658,session_date,17
EVENT-10,15min,SPY,short_reversal,2024,49,49,49,49,-4.3502613399732955e-05,1.882591335644612e-05,0.0007854459678378488,0.5306122448979592,4.3502613399732955e-05,-1.882591335644612e-05,0.0008273201919918686,0.0006494956260529,0.0007081670163744044,0.0006013229104027,-0.0002760306044849964,0.000164046788881324,session_date,17
EVENT-10,30min,QQQ,short_reversal,2022,75,75,75,75,0.0007955799532652529,0.0013008798055527,0.004937591391063478,0.6133333333333333,-0.0007955799532652529,-0.0013008798055527,0.004150458970611311,0.0033087682358248,0.002963834829106348,0.0024006478856943,-0.0002783920964191223,0.0018788432222992552,session_date,17
EVENT-10,30min,QQQ,short_reversal,2023,64,64,64,64,0.0003078296567716819,0.0007495131018455,0.002666172048541191,0.578125,-0.0003078296567716819,-0.0007495131018455,0.0022078968107871067,0.0017885521319865498,0.0019728992855438305,0.001431685922918,-0.0003955344753196469,0.0008353653054320869,session_date,17
EVENT-10,30min,QQQ,short_reversal,2024,66,66,64,66,0.00017077415831224678,0.0002087701910049,0.0022827581348114695,0.515625,-0.00017077415831224678,-0.0002087701910049,0.0018717228939270584,0.00131000538351225,0.0016269816778037827,0.00141223674150745,-0.0003651525587967847,0.0007111213171734912,session_date,17
EVENT-10,30min,SPY,short_reversal,2022,67,67,66,67,-0.00022271232175418869,-0.0004096245512282,0.003996990892908446,0.45454545454545453,0.00022271232175418869,0.0004096245512282,0.002570639109773206,0.00174176223003025,0.002755537771801437,0.00187055673157425,-0.0011422598602689846,0.0007863973763695582,session_date,17
EVENT-10,30min,SPY,short_reversal,2023,65,65,65,65,-0.00016404240748364992,1.189428360726108e-05,0.0021956814512528954,0.5076923076923077,0.00016404240748364992,-1.189428360726108e-05,0.001524393077451043,0.0012114804290843,0.0015612032573423162,0.0011188741639522,-0.000713598030821482,0.0003434673237356956,session_date,17
EVENT-10,30min,SPY,short_reversal,2024,49,49,47,49,7.246749618063194e-05,2.00904068307084e-05,0.0011840363233937437,0.5106382978723404,-7.246749618063194e-05,-2.00904068307084e-05,0.0011102468713176258,0.0009781919723159,0.0009389389101892159,0.0009354536950422,-0.00023257508554045309,0.00037902399341353815,session_date,17
EVENT-10,5min,QQQ,short_reversal,2022,75,75,75,75,0.0002194475631911312,0.0002319217032329,0.001985351651116739,0.5333333333333333,-0.0002194475631911312,-0.0002319217032329,0.0015686853673359685,0.0011425197150367,0.0014149496876280662,0.0011184544992373,-0.0001922303924129363,0.0006557410748030131,session_date,17
EVENT-10,5min,QQQ,short_reversal,2023,64,64,64,64,-3.292742082196978e-05,6.033828832513466e-05,0.0015530206843964597,0.515625,3.292742082196978e-05,-6.033828832513466e-05,0.0009784152281635547,0.00070098695659485,0.001063740682245642,0.00075187879623175,-0.00039091728037331675,0.0003433941787153288,session_date,17
EVENT-10,5min,QQQ,short_reversal,2024,66,66,66,66,9.723873723000229e-06,-2.4611269248131507e-05,0.0010756244583813581,0.45454545454545453,-9.723873723000229e-06,2.4611269248131507e-05,0.0007604177920551493,0.0005595607983551001,0.0007664764823641194,0.0005545610871146,-0.00025315924960002395,0.0002587362504205166,session_date,17
EVENT-10,5min,SPY,short_reversal,2022,67,67,67,67,-5.624472554145413e-05,-0.0001337409543775,0.001459040115690055,0.43283582089552236,5.624472554145413e-05,0.0001337409543775,0.0009912815429515731,0.000684497401445,0.001179873764162405,0.0008316989001714,-0.0003873578917514411,0.0002982034374921728,session_date,17
EVENT-10,5min,SPY,short_reversal,2023,65,65,65,65,-0.0001794369676567481,-8.890963447028e-06,0.001014066370932759,0.47692307692307695,0.0001794369676567481,8.890963447028e-06,0.0006440519935827478,0.0005172736377543,0.0007209238737343141,0.0004623781333216,-0.0004266188654071665,7.153226731237869e-05,session_date,17
EVENT-10,5min,SPY,short_reversal,2024,49,49,49,49,8.624968640085172e-05,-1.8375597206965463e-05,0.0006563890788415118,0.46938775510204084,-8.624968640085172e-05,1.8375597206965463e-05,0.0005319695308890228,0.0003392536419875,0.0004153641700189166,0.0003412195415366,-0.00010328474358294958,0.00028185055022350743,session_date,17
EVENT-10,60min,QQQ,short_reversal,2022,75,75,75,75,0.0004645882174086649,0.0006705034363301,0.005854309280612032,0.6,-0.0004645882174086649,-0.0006705034363301,0.005083502843584726,0.0041283161884138,0.004272524859049409,0.0029230777845792,-0.000877090173244466,0.0016684874294930151,session_date,17
EVENT-10,60min,QQQ,short_reversal,2023,64,64,64,64,0.0002533330157863594,0.0008320534331962999,0.003903078896910628,0.578125,-0.0002533330157863594,-0.0008320534331962999,0.003035432652346262,0.0027680581376890497,0.002587220128246918,0.0019192999730771,-0.0007572942404257446,0.0010852724536153215,session_date,17
EVENT-10,60min,QQQ,short_reversal,2024,66,66,63,66,0.0008087295217054586,0.0002709413400348,0.003727122988060262,0.5079365079365079,-0.0008087295217054586,-0.0002709413400348,0.0029713340883683907,0.0018760552810954,0.0020883536374099775,0.0017904123201379,-1.4655019529174757e-05,0.0018581809066287665,session_date,17
EVENT-10,60min,SPY,short_reversal,2022,67,67,66,67,-0.0005930274618515096,-0.00023238370091865,0.004978500666614582,0.4393939393939394,0.0005930274618515096,0.00023238370091865,0.0033462212999706385,0.00208246549693995,0.003970311325210402,0.0026096629979596,-0.001828859751753299,0.0005779001574290812,session_date,17
EVENT-10,60min,SPY,short_reversal,2023,65,65,64,65,-9.31194220260851e-05,-8.593452389682454e-05,0.0028614365114132028,0.46875,9.31194220260851e-05,8.593452389682454e-05,0.0021515745145034484,0.0014902802523883499,0.0020754541026902747,0.0015099391616825,-0.0007887257011241638,0.000542381044481963,session_date,17
EVENT-10,60min,SPY,short_reversal,2024,49,49,46,49,-3.4110152265862656e-05,-0.00022514413132175,0.0017734160329091536,0.45652173913043476,3.4110152265862656e-05,0.00022514413132175,0.0015218432379836256,0.0011754903525674001,0.0012721516970786442,0.0010622378768899501,-0.0005575686588750916,0.0005005632460724828,session_date,17
EVENT-10,session_close,QQQ,short_reversal,2022,75,75,75,75,0.0008251171248180639,0.0009631031848826,0.014605405399564115,0.5333333333333333,-0.0008251171248180639,-0.0009631031848826,0.010480839395970236,0.0089560876799537,0.008343576473250281,0.0054100620261887,-0.0027034391347729885,0.003990696976986247,session_date,17
EVENT-10,session_close,QQQ,short_reversal,2023,64,64,64,64,-0.0012064766895790563,-0.0015539231211939,0.008059798992717334,0.375,0.0012064766895790563,0.0015539231211939,0.005567762624336297,0.0049508695158074,0.005897903640635317,0.004045237467687949,-0.003371793060815417,0.0005653242660649897,session_date,17
EVENT-10,session_close,QQQ,short_reversal,2024,66,66,66,66,0.0008730999610863588,-0.00022736022944100002,0.007731814588302927,0.4696969696969697,-0.0008730999610863588,0.00022736022944100002,0.005769382585552255,0.0044183373573385,0.003958923879186447,0.003116013660447,-0.0007576464019945244,0.0027582664688030603,session_date,17
EVENT-10,session_close,SPY,short_reversal,2022,67,67,67,67,-7.929436894455354e-05,0.0003546817997569,0.01025115631851277,0.5373134328358209,7.929436894455354e-05,-0.0003546817997569,0.007443234072911827,0.0054976254387775,0.00681807712529395,0.0050185582100474,-0.0024429923749890343,0.002365710769991523,session_date,17
EVENT-10,session_close,SPY,short_reversal,2023,65,65,65,65,-2.5387622300716714e-05,0.000153991684449,0.0062821660029215,0.5076923076923077,2.5387622300716714e-05,-0.000153991684449,0.004756363049134542,0.0038113355469471,0.004393654305134492,0.0032922449341551,-0.0014002216712917853,0.0014815309339778566,session_date,17
EVENT-10,session_close,SPY,short_reversal,2024,49,49,49,49,-0.0005181739866704236,-0.0005464390389298,0.0031463220227578876,0.4489795918367347,0.0005181739866704236,0.0005464390389298,0.00281391233686792,0.0023096771865245,0.002889862849517027,0.0020820595865624,-0.0013324083749636651,0.0003874570774083855,session_date,17
