event_type,horizon,symbol,orientation,year,bootstrap_reversal_mean_ci_low,bootstrap_reversal_mean_ci_high,bootstrap_grouped_by,bootstrap_seed
EVENT-01,15min,QQQ,long_reversal,2022,-0.00026581716831180965,0.0006832774780751205,session_date,17
EVENT-01,15min,QQQ,long_reversal,2023,-0.0002453302765299372,0.0004117091891367102,session_date,17
EVENT-01,15min,QQQ,long_reversal,2024,-0.000333867699970855,0.0003038955520043847,session_date,17
EVENT-01,15min,SPY,long_reversal,2022,-0.00037916593953106936,0.00035258612389329027,session_date,17
EVENT-01,15min,SPY,long_reversal,2023,-0.00011962402966988117,0.0002977556859779833,session_date,17
EVENT-01,15min,SPY,long_reversal,2024,-0.00020756417834103018,0.00015010452623034098,session_date,17
EVENT-01,30min,QQQ,long_reversal,2022,-0.0008011549322585271,0.0006358120535740832,session_date,17
EVENT-01,30min,QQQ,long_reversal,2023,-0.0005053493642268984,0.0004375893573697066,session_date,17
EVENT-01,30min,QQQ,long_reversal,2024,-0.0006141942830111009,0.0002659058962600958,session_date,17
EVENT-01,30min,SPY,long_reversal,2022,-0.0005305259856648623,0.0005338497681233334,session_date,17
EVENT-01,30min,SPY,long_reversal,2023,-0.00046149558934961395,0.00018409389035658075,session_date,17
EVENT-01,30min,SPY,long_reversal,2024,-0.00044935538791086074,0.00010207525995861272,session_date,17
EVENT-01,5min,QQQ,long_reversal,2022,-0.00041988800926240946,0.00016756526903172943,session_date,17
EVENT-01,5min,QQQ,long_reversal,2023,-0.00016361208978021743,0.000253704211303986,session_date,17
EVENT-01,5min,QQQ,long_reversal,2024,-0.00023064475539262243,0.0001665704761339922,session_date,17
EVENT-01,5min,SPY,long_reversal,2022,-0.0002492447495958379,0.00018819549328791363,session_date,17
EVENT-01,5min,SPY,long_reversal,2023,-0.00013841000799544876,0.00015334160781225526,session_date,17
EVENT-01,5min,SPY,long_reversal,2024,-0.00010665720838397223,0.00013934361200603293,session_date,17
EVENT-01,60min,QQQ,long_reversal,2022,-0.0007373908855231429,0.0012441252695481984,session_date,17
EVENT-01,60min,QQQ,long_reversal,2023,-0.0007458129073996659,0.00042959587094699596,session_date,17
EVENT-01,60min,QQQ,long_reversal,2024,-0.0008913339211320357,0.00029513525235628916,session_date,17
EVENT-01,60min,SPY,long_reversal,2022,-0.0005873253178307308,0.0008081429933965989,session_date,17
EVENT-01,60min,SPY,long_reversal,2023,-0.0006705930390450054,0.00019696995795349988,session_date,17
EVENT-01,60min,SPY,long_reversal,2024,-0.0006554656716480344,0.0001985831774761375,session_date,17
EVENT-01,session_close,QQQ,long_reversal,2022,-0.0027444951980352596,0.0016683631580096266,session_date,17
EVENT-01,session_close,QQQ,long_reversal,2023,-0.0006449131866648795,0.0015892804323437903,session_date,17
EVENT-01,session_close,QQQ,long_reversal,2024,-0.0016292698425012925,0.0008400891959014581,session_date,17
EVENT-01,session_close,SPY,long_reversal,2022,-0.0020277642725038316,0.0012553033226875125,session_date,17
EVENT-01,session_close,SPY,long_reversal,2023,-0.0006630343115547813,0.0011162511291375897,session_date,17
EVENT-01,session_close,SPY,long_reversal,2024,-0.0009677746600605996,0.0006665970481919965,session_date,17
EVENT-02,15min,QQQ,long_reversal,2022,-0.0002620850506407407,0.0006866541559679926,session_date,17
EVENT-02,15min,QQQ,long_reversal,2023,-0.00026941033131520843,0.00042155998540850724,session_date,17
EVENT-02,15min,QQQ,long_reversal,2024,-0.00032194377413971516,0.0003299485263693957,session_date,17
EVENT-02,15min,SPY,long_reversal,2022,-0.00037916593953106936,0.00035258612389329027,session_date,17
EVENT-02,15min,SPY,long_reversal,2023,-0.00013540535054557375,0.0003135882462448789,session_date,17
EVENT-02,15min,SPY,long_reversal,2024,-0.00023337206275081184,0.00015324493731927254,session_date,17
EVENT-02,30min,QQQ,long_reversal,2022,-0.0008011549322585271,0.0006521476360802688,session_date,17
EVENT-02,30min,QQQ,long_reversal,2023,-0.0005035390587042843,0.00044847052114140864,session_date,17
EVENT-02,30min,QQQ,long_reversal,2024,-0.0006176180295478882,0.0002614535391561675,session_date,17
EVENT-02,30min,SPY,long_reversal,2022,-0.0005305259856648623,0.0005338497681233334,session_date,17
EVENT-02,30min,SPY,long_reversal,2023,-0.0003711871819646657,0.00021167063838310556,session_date,17
EVENT-02,30min,SPY,long_reversal,2024,-0.0005341458972009349,7.478612682267058e-05,session_date,17
EVENT-02,5min,QQQ,long_reversal,2022,-0.00041002564071963566,0.00017762593742846235,session_date,17
EVENT-02,5min,QQQ,long_reversal,2023,-0.0001560404794722038,0.0002577866267916425,session_date,17
EVENT-02,5min,QQQ,long_reversal,2024,-0.00021777783569701132,0.00017476492284156748,session_date,17
EVENT-02,5min,SPY,long_reversal,2022,-0.0002492447495958379,0.00018819549328791363,session_date,17
EVENT-02,5min,SPY,long_reversal,2023,-0.00014179555452108693,0.00014205222229765694,session_date,17
EVENT-02,5min,SPY,long_reversal,2024,-0.00013761371491461188,9.927977517983133e-05,session_date,17
EVENT-02,60min,QQQ,long_reversal,2022,-0.000731159694405308,0.001250356460666033,session_date,17
EVENT-02,60min,QQQ,long_reversal,2023,-0.0007177587878854697,0.00048581035379208985,session_date,17
EVENT-02,60min,QQQ,long_reversal,2024,-0.000894506090789569,0.00029573350317810054,session_date,17
EVENT-02,60min,SPY,long_reversal,2022,-0.0005873253178307308,0.0008081429933965989,session_date,17
EVENT-02,60min,SPY,long_reversal,2023,-0.0006750188089993648,0.00021886577328754955,session_date,17
EVENT-02,60min,SPY,long_reversal,2024,-0.000641038551035001,0.00013657184854787703,session_date,17
EVENT-02,session_close,QQQ,long_reversal,2022,-0.0027444951980352596,0.0016742743824674981,session_date,17
EVENT-02,session_close,QQQ,long_reversal,2023,-0.000629290448239675,0.0016160106815937402,session_date,17
EVENT-02,session_close,QQQ,long_reversal,2024,-0.0016247233373023926,0.0008468196893543967,session_date,17
EVENT-02,session_close,SPY,long_reversal,2022,-0.0020277642725038316,0.0012553033226875125,session_date,17
EVENT-02,session_close,SPY,long_reversal,2023,-0.0006354008453683471,0.0012094904784932135,session_date,17
EVENT-02,session_close,SPY,long_reversal,2024,-0.000902084224672326,0.0006285628970437666,session_date,17
EVENT-03,15min,QQQ,short_reversal,2022,-0.0005610325559677612,0.00044975006535592256,session_date,17
EVENT-03,15min,QQQ,short_reversal,2023,-0.00029491548367893027,0.00031421608056739285,session_date,17
EVENT-03,15min,QQQ,short_reversal,2024,-0.0003308754057096078,0.0001772146983978024,session_date,17
EVENT-03,15min,SPY,short_reversal,2022,-0.000275414266054939,0.0004969884257700532,session_date,17
EVENT-03,15min,SPY,short_reversal,2023,-0.00016297342120954084,0.00024334694718687212,session_date,17
EVENT-03,15min,SPY,short_reversal,2024,-0.00017993287728236605,0.00011167654211314152,session_date,17
EVENT-03,30min,QQQ,short_reversal,2022,-0.0006136208490131807,0.0008243743217227494,session_date,17
EVENT-03,30min,QQQ,short_reversal,2023,-0.0002925625885759556,0.0006486523182200092,session_date,17
EVENT-03,30min,QQQ,short_reversal,2024,-0.0005884207975101722,0.00010066172699909355,session_date,17
EVENT-03,30min,SPY,short_reversal,2022,-0.0005177619624526339,0.0005218048875976049,session_date,17
EVENT-03,30min,SPY,short_reversal,2023,-0.0002129289252336451,0.0004033403597155595,session_date,17
EVENT-03,30min,SPY,short_reversal,2024,-0.0003919762423395641,4.080482693046412e-05,session_date,17
EVENT-03,5min,QQQ,short_reversal,2022,-0.0004529060120917483,0.00017892970602481994,session_date,17
EVENT-03,5min,QQQ,short_reversal,2023,-0.00010935353408098435,0.0002809662518304464,session_date,17
EVENT-03,5min,QQQ,short_reversal,2024,-0.0001493726568120865,0.0001736862372168889,session_date,17
EVENT-03,5min,SPY,short_reversal,2022,-0.00022484386649765985,0.0002506177084462749,session_date,17
EVENT-03,5min,SPY,short_reversal,2023,-5.9173883349716586e-05,0.00017420430025976902,session_date,17
EVENT-03,5min,SPY,short_reversal,2024,-7.433329542924196e-05,0.0001327198494149129,session_date,17
EVENT-03,60min,QQQ,short_reversal,2022,-0.0009633799605200581,0.0009723749403170538,session_date,17
EVENT-03,60min,QQQ,short_reversal,2023,-0.0009224012540075328,0.0003865910769407418,session_date,17
EVENT-03,60min,QQQ,short_reversal,2024,-0.000909660241580401,0.0001095900126593118,session_date,17
EVENT-03,60min,SPY,short_reversal,2022,-0.0007649503645254072,0.0006593069682836405,session_date,17
EVENT-03,60min,SPY,short_reversal,2023,-0.00043751051536252095,0.0004030766107552214,session_date,17
EVENT-03,60min,SPY,short_reversal,2024,-0.0005682170800633213,5.695467388332218e-05,session_date,17
EVENT-03,session_close,QQQ,short_reversal,2022,-0.0025615006775172224,0.001500454896266538,session_date,17
EVENT-03,session_close,QQQ,short_reversal,2023,-0.002382586719100386,0.00013925751677970846,session_date,17
EVENT-03,session_close,QQQ,short_reversal,2024,-0.0014371748444204318,0.00028558085618114287,session_date,17
EVENT-03,session_close,SPY,short_reversal,2022,-0.0019657739339702888,0.0009612356935399334,session_date,17
EVENT-03,session_close,SPY,short_reversal,2023,-0.0014253667009148732,0.0002560276210117776,session_date,17
EVENT-03,session_close,SPY,short_reversal,2024,-0.0008490276603582048,0.000544003725946766,session_date,17
EVENT-04,15min,QQQ,short_reversal,2022,-0.0005535435561348778,0.0004584543112913572,session_date,17
EVENT-04,15min,QQQ,short_reversal,2023,-0.0002968357340482763,0.00030741190622018565,session_date,17
EVENT-04,15min,QQQ,short_reversal,2024,-0.00033472722603177565,0.00017685848507936554,session_date,17
EVENT-04,15min,SPY,short_reversal,2022,-0.00034096343003504307,0.00045194574577960765,session_date,17
EVENT-04,15min,SPY,short_reversal,2023,-0.00018475511202026897,0.00024363345441932144,session_date,17
EVENT-04,15min,SPY,short_reversal,2024,-0.00017540762457154068,0.00011348658409626484,session_date,17
EVENT-04,30min,QQQ,short_reversal,2022,-0.0006214532397726351,0.0008097791617736568,session_date,17
EVENT-04,30min,QQQ,short_reversal,2023,-0.0002927505852960337,0.0006423687153215338,session_date,17
EVENT-04,30min,QQQ,short_reversal,2024,-0.0005863458804442337,0.00010705278389782583,session_date,17
EVENT-04,30min,SPY,short_reversal,2022,-0.000575133582063045,0.0005036440901395256,session_date,17
EVENT-04,30min,SPY,short_reversal,2023,-0.00025519147068061036,0.00039621948610780186,session_date,17
EVENT-04,30min,SPY,short_reversal,2024,-0.0003912688693114364,4.127303670628831e-05,session_date,17
EVENT-04,5min,QQQ,short_reversal,2022,-0.0005155924422445984,0.00014595157645557624,session_date,17
EVENT-04,5min,QQQ,short_reversal,2023,-0.00011837712065081998,0.0002631801673068647,session_date,17
EVENT-04,5min,QQQ,short_reversal,2024,-0.00014466261389643528,0.00018247202692699667,session_date,17
EVENT-04,5min,SPY,short_reversal,2022,-0.0002387367897824506,0.00021575944837805107,session_date,17
EVENT-04,5min,SPY,short_reversal,2023,-5.192425959187569e-05,0.0001926694340757563,session_date,17
EVENT-04,5min,SPY,short_reversal,2024,-6.975726182457259e-05,0.00013742061813782974,session_date,17
EVENT-04,60min,QQQ,short_reversal,2022,-0.000954194526323473,0.0009891341056250135,session_date,17
EVENT-04,60min,QQQ,short_reversal,2023,-0.0009221918132137244,0.0003846664313975821,session_date,17
EVENT-04,60min,QQQ,short_reversal,2024,-0.0009094279097447405,0.0001235564229317825,session_date,17
EVENT-04,60min,SPY,short_reversal,2022,-0.000838491510144253,0.0005848738807119735,session_date,17
EVENT-04,60min,SPY,short_reversal,2023,-0.0004519209907765163,0.00037522312230451135,session_date,17
EVENT-04,60min,SPY,short_reversal,2024,-0.0005503816510068247,8.815641443544573e-05,session_date,17
EVENT-04,session_close,QQQ,short_reversal,2022,-0.002528921669940289,0.001527573498705307,session_date,17
EVENT-04,session_close,QQQ,short_reversal,2023,-0.00238052933681339,0.00014432435643000862,session_date,17
EVENT-04,session_close,QQQ,short_reversal,2024,-0.0014317942777974644,0.000287182556919464,session_date,17
EVENT-04,session_close,SPY,short_reversal,2022,-0.0022872303941938333,0.0010004811628202995,session_date,17
EVENT-04,session_close,SPY,short_reversal,2023,-0.001386789675529118,0.0003313528047492032,session_date,17
EVENT-04,session_close,SPY,short_reversal,2024,-0.0008419522046405461,0.000555025835641581,session_date,17
EVENT-05,15min,QQQ,long_reversal,2022,-0.0006728507270455145,0.0004620863875718511,session_date,17
EVENT-05,15min,QQQ,long_reversal,2023,-0.00038450204347417614,0.000422457733584109,session_date,17
EVENT-05,15min,QQQ,long_reversal,2024,-0.0005609617177011201,9.296443213519689e-05,session_date,17
EVENT-05,15min,SPY,long_reversal,2022,-0.0002717189769332036,0.0005657383569356625,session_date,17
EVENT-05,15min,SPY,long_reversal,2023,-0.00010271582741924545,0.00035182316016849237,session_date,17
EVENT-05,15min,SPY,long_reversal,2024,-0.0003588616969227067,9.349436087532554e-05,session_date,17
EVENT-05,30min,QQQ,long_reversal,2022,-0.0004803026886024592,0.0012090433227516819,session_date,17
EVENT-05,30min,QQQ,long_reversal,2023,-0.0007096154743892237,0.00031183512023229336,session_date,17
EVENT-05,30min,QQQ,long_reversal,2024,-0.00040788743607628105,0.00043169929740913347,session_date,17
EVENT-05,30min,SPY,long_reversal,2022,-0.00026078484963322544,0.0009575373611946443,session_date,17
EVENT-05,30min,SPY,long_reversal,2023,-0.00012471953202232197,0.0005175732843041373,session_date,17
EVENT-05,30min,SPY,long_reversal,2024,-0.00028514994382198384,0.0003320787790898963,session_date,17
EVENT-05,5min,QQQ,long_reversal,2022,-0.0003923200444488353,0.00023183009537031194,session_date,17
EVENT-05,5min,QQQ,long_reversal,2023,-0.0002759255659860987,0.00012736491466015616,session_date,17
EVENT-05,5min,QQQ,long_reversal,2024,-0.0005161054784574601,-0.0001212098825004211,session_date,17
EVENT-05,5min,SPY,long_reversal,2022,-0.00012169897760554168,0.00037571809370824525,session_date,17
EVENT-05,5min,SPY,long_reversal,2023,-0.000114680652323393,0.00012639880222385622,session_date,17
EVENT-05,5min,SPY,long_reversal,2024,-0.00020204722805099103,7.363021871527931e-05,session_date,17
EVENT-05,60min,QQQ,long_reversal,2022,-0.0009218252626751813,0.0012794787785494564,session_date,17
EVENT-05,60min,QQQ,long_reversal,2023,-0.00045583319956679717,0.0007463897423938269,session_date,17
EVENT-05,60min,QQQ,long_reversal,2024,-0.0006326378497153568,0.0004143075577008456,session_date,17
EVENT-05,60min,SPY,long_reversal,2022,-0.0001402377914953135,0.0014610543505018945,session_date,17
EVENT-05,60min,SPY,long_reversal,2023,-5.952295182574963e-05,0.0007836398814761607,session_date,17
EVENT-05,60min,SPY,long_reversal,2024,-0.00033013891901043844,0.0005299469812719766,session_date,17
EVENT-05,session_close,QQQ,long_reversal,2022,-0.0017114798136000475,0.0030075031444318587,session_date,17
EVENT-05,session_close,QQQ,long_reversal,2023,-0.0003987662164183538,0.0020238090479195755,session_date,17
EVENT-05,session_close,QQQ,long_reversal,2024,-0.0014859983414542925,0.0010128847382592787,session_date,17
EVENT-05,session_close,SPY,long_reversal,2022,-0.0005386274149786034,0.0030990075940090893,session_date,17
EVENT-05,session_close,SPY,long_reversal,2023,-0.0006246345674742382,0.0015279593588223472,session_date,17
EVENT-05,session_close,SPY,long_reversal,2024,-0.0001900737599420204,0.0014173238408827138,session_date,17
EVENT-06,15min,QQQ,short_reversal,2022,-0.00020918267136454344,0.0010446852437165418,session_date,17
EVENT-06,15min,QQQ,short_reversal,2023,-0.0004797842929945256,0.00036464501432617087,session_date,17
EVENT-06,15min,QQQ,short_reversal,2024,-0.00047584139098559927,0.00011584048794709476,session_date,17
EVENT-06,15min,SPY,short_reversal,2022,-0.00015653843143678174,0.0007083315688736541,session_date,17
EVENT-06,15min,SPY,short_reversal,2023,-9.131430188902612e-05,0.00040320977947746523,session_date,17
EVENT-06,15min,SPY,short_reversal,2024,-0.00025399441233797405,0.0001975393215110702,session_date,17
EVENT-06,30min,QQQ,short_reversal,2022,-3.537187774092071e-05,0.001698050853331904,session_date,17
EVENT-06,30min,QQQ,short_reversal,2023,-0.0010739165038871196,0.00023269336671667318,session_date,17
EVENT-06,30min,QQQ,short_reversal,2024,-0.0006674349079183347,4.471857473758699e-05,session_date,17
EVENT-06,30min,SPY,short_reversal,2022,-0.00016223917884724057,0.0011288374170445564,session_date,17
EVENT-06,30min,SPY,short_reversal,2023,-0.000436240646719156,0.0005136705630960226,session_date,17
EVENT-06,30min,SPY,short_reversal,2024,-0.00047398114057022706,0.00013344178237993936,session_date,17
EVENT-06,5min,QQQ,short_reversal,2022,6.1874237020111385e-06,0.0006062309782537169,session_date,17
EVENT-06,5min,QQQ,short_reversal,2023,-8.689343803710719e-05,0.0002997932876273005,session_date,17
EVENT-06,5min,QQQ,short_reversal,2024,-0.00023051724162957815,0.00013762723468022992,session_date,17
EVENT-06,5min,SPY,short_reversal,2022,2.4377096839066623e-05,0.0005219615704679479,session_date,17
EVENT-06,5min,SPY,short_reversal,2023,-3.754277826682976e-05,0.0003030154699127796,session_date,17
EVENT-06,5min,SPY,short_reversal,2024,-0.00017381100765986862,0.00011325639613216686,session_date,17
EVENT-06,60min,QQQ,short_reversal,2022,-0.0011731700183884892,0.0009150610021454648,session_date,17
EVENT-06,60min,QQQ,short_reversal,2023,-0.0011140557342279613,0.000298125984419373,session_date,17
EVENT-06,60min,QQQ,short_reversal,2024,-0.0008880950545328513,0.00015706043355205997,session_date,17
EVENT-06,60min,SPY,short_reversal,2022,-0.0010578640361448971,0.0007296350214038707,session_date,17
EVENT-06,60min,SPY,short_reversal,2023,-0.0004707884676037646,0.000792256771802259,session_date,17
EVENT-06,60min,SPY,short_reversal,2024,-0.00030946040185093107,0.0004056674514925468,session_date,17
EVENT-06,session_close,QQQ,short_reversal,2022,-0.0015883807151924028,0.002532736041879487,session_date,17
EVENT-06,session_close,QQQ,short_reversal,2023,-0.0027674839501778846,-4.264438444469064e-05,session_date,17
EVENT-06,session_close,QQQ,short_reversal,2024,-0.001625869389406694,0.0005854751823035123,session_date,17
EVENT-06,session_close,SPY,short_reversal,2022,-0.0022847653731262745,0.0013744990916371666,session_date,17
EVENT-06,session_close,SPY,short_reversal,2023,-0.0016538714601854806,0.0004270283315170973,session_date,17
EVENT-06,session_close,SPY,short_reversal,2024,-0.0013331942358769666,0.0002322169393284686,session_date,17
EVENT-07,15min,QQQ,long_reversal,2022,-0.0007004441390539533,0.00010690208124281222,session_date,17
EVENT-07,15min,QQQ,long_reversal,2023,-0.0006934299339305898,-5.834820526033186e-05,session_date,17
EVENT-07,15min,QQQ,long_reversal,2024,-0.0006530293477909228,-0.00011902410431004085,session_date,17
EVENT-07,15min,SPY,long_reversal,2022,-0.0008035765712997698,-0.0001136027011915079,session_date,17
EVENT-07,15min,SPY,long_reversal,2023,-0.0003587371309274544,6.544151742683047e-05,session_date,17
EVENT-07,15min,SPY,long_reversal,2024,-0.00044661352118630397,-0.00010359878977148823,session_date,17
EVENT-07,30min,QQQ,long_reversal,2022,-0.0012190865716089337,0.0001393840283654852,session_date,17
EVENT-07,30min,QQQ,long_reversal,2023,-0.0008109560022236978,4.348642676287952e-05,session_date,17
EVENT-07,30min,QQQ,long_reversal,2024,-0.0008342980070414608,-1.1550094330480523e-05,session_date,17
EVENT-07,30min,SPY,long_reversal,2022,-0.001069998348847963,-0.00014423230721206747,session_date,17
EVENT-07,30min,SPY,long_reversal,2023,-0.0006063934823455344,3.379511142622782e-05,session_date,17
EVENT-07,30min,SPY,long_reversal,2024,-0.000701153043330524,-0.0001414194686839803,session_date,17
EVENT-07,5min,QQQ,long_reversal,2022,-0.0005846414007088031,2.195067467613275e-05,session_date,17
EVENT-07,5min,QQQ,long_reversal,2023,-0.0004159494418907668,-3.0076625193580575e-05,session_date,17
EVENT-07,5min,QQQ,long_reversal,2024,-0.0004386688597813764,-2.21046621247842e-05,session_date,17
EVENT-07,5min,SPY,long_reversal,2022,-0.00039675351026468864,3.454654955263899e-05,session_date,17
EVENT-07,5min,SPY,long_reversal,2023,-0.00026117418529035693,1.2432288232929927e-05,session_date,17
EVENT-07,5min,SPY,long_reversal,2024,-0.00023188220864981968,7.321338072454446e-07,session_date,17
EVENT-07,60min,QQQ,long_reversal,2022,-0.0011663633973382625,0.0006444183347432271,session_date,17
EVENT-07,60min,QQQ,long_reversal,2023,-0.0010726808786574572,9.712942619975429e-05,session_date,17
EVENT-07,60min,QQQ,long_reversal,2024,-0.0011438224264419146,0.00015909858426062508,session_date,17
EVENT-07,60min,SPY,long_reversal,2022,-0.0012899997245400332,5.440957343994756e-07,session_date,17
EVENT-07,60min,SPY,long_reversal,2023,-0.0008829485151730158,2.7948945657999865e-05,session_date,17
EVENT-07,60min,SPY,long_reversal,2024,-0.0008906382561511668,-6.135243958954824e-05,session_date,17
EVENT-07,session_close,QQQ,long_reversal,2022,-0.0035170601921137804,0.0008160720737449213,session_date,17
EVENT-07,session_close,QQQ,long_reversal,2023,-0.0010492834677203991,0.0012037813235819715,session_date,17
EVENT-07,session_close,QQQ,long_reversal,2024,-0.0019360816173975756,0.0004435504713667027,session_date,17
EVENT-07,session_close,SPY,long_reversal,2022,-0.0030127670064902835,0.00012298488186018172,session_date,17
EVENT-07,session_close,SPY,long_reversal,2023,-0.000983574692710612,0.0009116337639198846,session_date,17
EVENT-07,session_close,SPY,long_reversal,2024,-0.0011055340805063683,0.0005164622369359977,session_date,17
EVENT-08,15min,QQQ,short_reversal,2022,-0.0011267129734991695,-0.00018450487198131863,session_date,17
EVENT-08,15min,QQQ,short_reversal,2023,-0.0006284241659125528,-5.981232413710694e-05,session_date,17
EVENT-08,15min,QQQ,short_reversal,2024,-0.000594675188999512,-0.0001479290758634989,session_date,17
EVENT-08,15min,SPY,short_reversal,2022,-0.0007141615726484933,5.499103338772674e-05,session_date,17
EVENT-08,15min,SPY,short_reversal,2023,-0.0003320150390607623,7.01443831775805e-05,session_date,17
EVENT-08,15min,SPY,short_reversal,2024,-0.0002969378940755994,-1.462806771843626e-06,session_date,17
EVENT-08,30min,QQQ,short_reversal,2022,-0.0011358602666935891,0.0002961124984430675,session_date,17
EVENT-08,30min,QQQ,short_reversal,2023,-0.000653148811852039,0.00022952141277598922,session_date,17
EVENT-08,30min,QQQ,short_reversal,2024,-0.0008793383264283411,-0.0001482874461409082,session_date,17
EVENT-08,30min,SPY,short_reversal,2022,-0.001141398374132863,-1.0508817156912653e-05,session_date,17
EVENT-08,30min,SPY,short_reversal,2023,-0.0003558223293851581,0.00028640500680532843,session_date,17
EVENT-08,30min,SPY,short_reversal,2024,-0.0004904255520495632,-9.743483438914804e-05,session_date,17
EVENT-08,5min,QQQ,short_reversal,2022,-0.000585195513241987,-1.5063848854460733e-05,session_date,17
EVENT-08,5min,QQQ,short_reversal,2023,-0.000223105485234079,0.00010885411718582808,session_date,17
EVENT-08,5min,QQQ,short_reversal,2024,-0.0003048678316504671,3.062944849843946e-05,session_date,17
EVENT-08,5min,SPY,short_reversal,2022,-0.00039995010462527897,2.0220068921159896e-05,session_date,17
EVENT-08,5min,SPY,short_reversal,2023,-0.00014223318072553373,9.861873032261167e-05,session_date,17
EVENT-08,5min,SPY,short_reversal,2024,-0.00016095456990570582,3.2813553810816405e-05,session_date,17
EVENT-08,60min,QQQ,short_reversal,2022,-0.0015691890389018769,0.00035960352084322435,session_date,17
EVENT-08,60min,QQQ,short_reversal,2023,-0.0011512440715318651,7.292188817460464e-05,session_date,17
EVENT-08,60min,QQQ,short_reversal,2024,-0.0012361367359241743,-0.0003000373740944106,session_date,17
EVENT-08,60min,SPY,short_reversal,2022,-0.0012940432099506657,1.1090001794427934e-05,session_date,17
EVENT-08,60min,SPY,short_reversal,2023,-0.0005447966471070925,0.00025683982681913033,session_date,17
EVENT-08,60min,SPY,short_reversal,2024,-0.0006805064316209961,2.3171179769667596e-05,session_date,17
EVENT-08,session_close,QQQ,short_reversal,2022,-0.003030687827552389,0.0007579049993633557,session_date,17
EVENT-08,session_close,QQQ,short_reversal,2023,-0.0026126547717121836,-0.00021607018391793807,session_date,17
EVENT-08,session_close,QQQ,short_reversal,2024,-0.001564788415834882,0.00028826078916423996,session_date,17
EVENT-08,session_close,SPY,short_reversal,2022,-0.002627358737096972,0.00042386356918114673,session_date,17
EVENT-08,session_close,SPY,short_reversal,2023,-0.00151326941585517,0.00015868860259245774,session_date,17
EVENT-08,session_close,SPY,short_reversal,2024,-0.0009508719053670358,0.0005492444609030117,session_date,17
EVENT-09,15min,QQQ,long_reversal,2022,-0.00038371241746584046,0.0012690347474221216,session_date,17
EVENT-09,15min,QQQ,long_reversal,2023,-0.00025928744732491314,0.0008072484938200686,session_date,17
EVENT-09,15min,QQQ,long_reversal,2024,-0.0002330601186635384,0.0005238102443192806,session_date,17
EVENT-09,15min,SPY,long_reversal,2022,-0.00042616115231004824,0.000701287128117076,session_date,17
EVENT-09,15min,SPY,long_reversal,2023,-0.0005476569041962266,0.00038626766313142985,session_date,17
EVENT-09,15min,SPY,long_reversal,2024,-0.00011925254146833027,0.00037669355767097455,session_date,17
EVENT-09,30min,QQQ,long_reversal,2022,-0.0010755373808909357,0.0008050132169760249,session_date,17
EVENT-09,30min,QQQ,long_reversal,2023,-0.0003614931225957263,0.0008637927870419518,session_date,17
EVENT-09,30min,QQQ,long_reversal,2024,-0.000232702061812225,0.0009123375567604105,session_date,17
EVENT-09,30min,SPY,long_reversal,2022,-0.0008761529466081812,0.0005790932431226047,session_date,17
EVENT-09,30min,SPY,long_reversal,2023,-0.0010170477999632982,0.00028762668940384724,session_date,17
EVENT-09,30min,SPY,long_reversal,2024,-0.00017382248684547278,0.0006316234268578188,session_date,17
EVENT-09,5min,QQQ,long_reversal,2022,-0.000291372304820055,0.000485317056401329,session_date,17
EVENT-09,5min,QQQ,long_reversal,2023,-6.614800285682696e-05,0.00041044125507480275,session_date,17
EVENT-09,5min,QQQ,long_reversal,2024,-0.00010600983412953807,0.0002678099081561604,session_date,17
EVENT-09,5min,SPY,long_reversal,2022,-0.00036586703299310323,0.00031828121498123416,session_date,17
EVENT-09,5min,SPY,long_reversal,2023,-0.0003043662563397354,9.575060178712568e-05,session_date,17
EVENT-09,5min,SPY,long_reversal,2024,-0.00020429407134568443,0.00012280190900339287,session_date,17
EVENT-09,60min,QQQ,long_reversal,2022,-0.002086730813302987,0.0004879315579317147,session_date,17
EVENT-09,60min,QQQ,long_reversal,2023,-0.0005223399974557371,0.0009950957785250924,session_date,17
EVENT-09,60min,QQQ,long_reversal,2024,-2.8503063108263632e-05,0.001376182925464166,session_date,17
EVENT-09,60min,SPY,long_reversal,2022,-0.0011061889434545124,0.0006716524162283235,session_date,17
EVENT-09,60min,SPY,long_reversal,2023,-0.0011529499065713342,0.0006504464892830266,session_date,17
EVENT-09,60min,SPY,long_reversal,2024,-0.00020754354425315185,0.0009491164702151771,session_date,17
EVENT-09,session_close,QQQ,long_reversal,2022,-0.003231693560478613,0.002593707368041552,session_date,17
EVENT-09,session_close,QQQ,long_reversal,2023,5.6438617256162515e-05,0.003397677408053075,session_date,17
EVENT-09,session_close,QQQ,long_reversal,2024,-0.00018095628775118455,0.0021924051184720175,session_date,17
EVENT-09,session_close,SPY,long_reversal,2022,-0.0008786077192057455,0.0038181927328211577,session_date,17
EVENT-09,session_close,SPY,long_reversal,2023,-0.0017011660440302552,0.00179214188052599,session_date,17
EVENT-09,session_close,SPY,long_reversal,2024,-0.000956620646565926,0.0016548034439245898,session_date,17
EVENT-10,15min,QQQ,short_reversal,2022,-0.0004568656610158692,0.0012996008390776395,session_date,17
EVENT-10,15min,QQQ,short_reversal,2023,-0.0007275074575582134,0.00040216878597423454,session_date,17
EVENT-10,15min,QQQ,short_reversal,2024,-0.0002564112715286877,0.0004077209337056314,session_date,17
EVENT-10,15min,SPY,short_reversal,2022,-0.0010314752890727042,0.0002355508216515247,session_date,17
EVENT-10,15min,SPY,short_reversal,2023,-0.0006258248478937644,0.00020799069137040658,session_date,17
EVENT-10,15min,SPY,short_reversal,2024,-0.0002760306044849964,0.000164046788881324,session_date,17
EVENT-10,30min,QQQ,short_reversal,2022,-0.0002783920964191223,0.0018788432222992552,session_date,17
EVENT-10,30min,QQQ,short_reversal,2023,-0.0003955344753196469,0.0008353653054320869,session_date,17
EVENT-10,30min,QQQ,short_reversal,2024,-0.0003651525587967847,0.0007111213171734912,session_date,17
EVENT-10,30min,SPY,short_reversal,2022,-0.0011422598602689846,0.0007863973763695582,session_date,17
EVENT-10,30min,SPY,short_reversal,2023,-0.000713598030821482,0.0003434673237356956,session_date,17
EVENT-10,30min,SPY,short_reversal,2024,-0.00023257508554045309,0.00037902399341353815,session_date,17
EVENT-10,5min,QQQ,short_reversal,2022,-0.0001922303924129363,0.0006557410748030131,session_date,17
EVENT-10,5min,QQQ,short_reversal,2023,-0.00039091728037331675,0.0003433941787153288,session_date,17
EVENT-10,5min,QQQ,short_reversal,2024,-0.00025315924960002395,0.0002587362504205166,session_date,17
EVENT-10,5min,SPY,short_reversal,2022,-0.0003873578917514411,0.0002982034374921728,session_date,17
EVENT-10,5min,SPY,short_reversal,2023,-0.0004266188654071665,7.153226731237869e-05,session_date,17
EVENT-10,5min,SPY,short_reversal,2024,-0.00010328474358294958,0.00028185055022350743,session_date,17
EVENT-10,60min,QQQ,short_reversal,2022,-0.000877090173244466,0.0016684874294930151,session_date,17
EVENT-10,60min,QQQ,short_reversal,2023,-0.0007572942404257446,0.0010852724536153215,session_date,17
EVENT-10,60min,QQQ,short_reversal,2024,-1.4655019529174757e-05,0.0018581809066287665,session_date,17
EVENT-10,60min,SPY,short_reversal,2022,-0.001828859751753299,0.0005779001574290812,session_date,17
EVENT-10,60min,SPY,short_reversal,2023,-0.0007887257011241638,0.000542381044481963,session_date,17
EVENT-10,60min,SPY,short_reversal,2024,-0.0005575686588750916,0.0005005632460724828,session_date,17
EVENT-10,session_close,QQQ,short_reversal,2022,-0.0027034391347729885,0.003990696976986247,session_date,17
EVENT-10,session_close,QQQ,short_reversal,2023,-0.003371793060815417,0.0005653242660649897,session_date,17
EVENT-10,session_close,QQQ,short_reversal,2024,-0.0007576464019945244,0.0027582664688030603,session_date,17
EVENT-10,session_close,SPY,short_reversal,2022,-0.0024429923749890343,0.002365710769991523,session_date,17
EVENT-10,session_close,SPY,short_reversal,2023,-0.0014002216712917853,0.0014815309339778566,session_date,17
EVENT-10,session_close,SPY,short_reversal,2024,-0.0013324083749636651,0.0003874570774083855,session_date,17
