event_type,horizon,symbol,orientation,year,mean_reversal_return,economic_threshold_applicable,economic_threshold_passed,reason
EVENT-01,15min,QQQ,long_reversal,2022,0.00021102476522028273,False,False,non_strategy_event_study_no_pnl_no_cost_model
EVENT-01,15min,QQQ,long_reversal,2023,8.577743711828946e-05,False,False,non_strategy_event_study_no_pnl_no_cost_model
EVENT-01,15min,QQQ,long_reversal,2024,2.0244827869147235e-06,False,False,non_strategy_event_study_no_pnl_no_cost_model
EVENT-01,15min,SPY,long_reversal,2022,-1.3108011929180312e-05,False,False,non_strategy_event_study_no_pnl_no_cost_model
EVENT-01,15min,SPY,long_reversal,2023,8.795283426081616e-05,False,False,non_strategy_event_study_no_pnl_no_cost_model
EVENT-01,15min,SPY,long_reversal,2024,-2.3709146906529472e-05,False,False,non_strategy_event_study_no_pnl_no_cost_model
EVENT-01,30min,QQQ,long_reversal,2022,-6.191640116296513e-05,False,False,non_strategy_event_study_no_pnl_no_cost_model
EVENT-01,30min,QQQ,long_reversal,2023,-4.9915283884315156e-05,False,False,non_strategy_event_study_no_pnl_no_cost_model
EVENT-01,30min,QQQ,long_reversal,2024,-0.00013577007391526693,False,False,non_strategy_event_study_no_pnl_no_cost_model
EVENT-01,30min,SPY,long_reversal,2022,3.0656539959938076e-05,False,False,non_strategy_event_study_no_pnl_no_cost_model
EVENT-01,30min,SPY,long_reversal,2023,-8.949518133593865e-05,False,False,non_strategy_event_study_no_pnl_no_cost_model
EVENT-01,30min,SPY,long_reversal,2024,-0.00018571594201107533,False,False,non_strategy_event_study_no_pnl_no_cost_model
EVENT-01,5min,QQQ,long_reversal,2022,-0.00012134425144504572,False,False,non_strategy_event_study_no_pnl_no_cost_model
EVENT-01,5min,QQQ,long_reversal,2023,3.731791469230913e-05,False,False,non_strategy_event_study_no_pnl_no_cost_model
EVENT-01,5min,QQQ,long_reversal,2024,-3.0191203821915793e-05,False,False,non_strategy_event_study_no_pnl_no_cost_model
EVENT-01,5min,SPY,long_reversal,2022,-5.258055858743099e-05,False,False,non_strategy_event_study_no_pnl_no_cost_model
EVENT-01,5min,SPY,long_reversal,2023,-2.677138893361027e-06,False,False,non_strategy_event_study_no_pnl_no_cost_model
EVENT-01,5min,SPY,long_reversal,2024,1.0586979099595731e-05,False,False,non_strategy_event_study_no_pnl_no_cost_model
EVENT-01,60min,QQQ,long_reversal,2022,0.0003269524649544936,False,False,non_strategy_event_study_no_pnl_no_cost_model
EVENT-01,60min,QQQ,long_reversal,2023,-0.00014117503668054524,False,False,non_strategy_event_study_no_pnl_no_cost_model
EVENT-01,60min,QQQ,long_reversal,2024,-0.00026649659536859234,False,False,non_strategy_event_study_no_pnl_no_cost_model
EVENT-01,60min,SPY,long_reversal,2022,0.00013037572182391023,False,False,non_strategy_event_study_no_pnl_no_cost_model
EVENT-01,60min,SPY,long_reversal,2023,-0.00021890302205680972,False,False,non_strategy_event_study_no_pnl_no_cost_model
EVENT-01,60min,SPY,long_reversal,2024,-0.000238245504225053,False,False,non_strategy_event_study_no_pnl_no_cost_model
EVENT-01,session_close,QQQ,long_reversal,2022,-0.0006162026558734228,False,False,non_strategy_event_study_no_pnl_no_cost_model
EVENT-01,session_close,QQQ,long_reversal,2023,0.0004529259874556563,False,False,non_strategy_event_study_no_pnl_no_cost_model
EVENT-01,session_close,QQQ,long_reversal,2024,-0.0003758688276346966,False,False,non_strategy_event_study_no_pnl_no_cost_model
EVENT-01,session_close,SPY,long_reversal,2022,-0.0003721359471899109,False,False,non_strategy_event_study_no_pnl_no_cost_model
EVENT-01,session_close,SPY,long_reversal,2023,0.0002665332825397767,False,False,non_strategy_event_study_no_pnl_no_cost_model
EVENT-01,session_close,SPY,long_reversal,2024,-0.00010465121231368798,False,False,non_strategy_event_study_no_pnl_no_cost_model
EVENT-02,15min,QQQ,long_reversal,2022,0.0002145791630022532,False,False,non_strategy_event_study_no_pnl_no_cost_model
EVENT-02,15min,QQQ,long_reversal,2023,6.89480922122432e-05,False,False,non_strategy_event_study_no_pnl_no_cost_model
EVENT-02,15min,QQQ,long_reversal,2024,1.653658201664787e-05,False,False,non_strategy_event_study_no_pnl_no_cost_model
EVENT-02,15min,SPY,long_reversal,2022,-1.3108011929180312e-05,False,False,non_strategy_event_study_no_pnl_no_cost_model
EVENT-02,15min,SPY,long_reversal,2023,8.735441358465142e-05,False,False,non_strategy_event_study_no_pnl_no_cost_model
EVENT-02,15min,SPY,long_reversal,2024,-3.95579733432163e-05,False,False,non_strategy_event_study_no_pnl_no_cost_model
EVENT-02,30min,QQQ,long_reversal,2022,-4.9851307083509447e-05,False,False,non_strategy_event_study_no_pnl_no_cost_model
EVENT-02,30min,QQQ,long_reversal,2023,-3.097483577919698e-05,False,False,non_strategy_event_study_no_pnl_no_cost_model
EVENT-02,30min,QQQ,long_reversal,2024,-0.0001393296656876145,False,False,non_strategy_event_study_no_pnl_no_cost_model
EVENT-02,30min,SPY,long_reversal,2022,3.0656539959938076e-05,False,False,non_strategy_event_study_no_pnl_no_cost_model
EVENT-02,30min,SPY,long_reversal,2023,-8.442491674456568e-05,False,False,non_strategy_event_study_no_pnl_no_cost_model
EVENT-02,30min,SPY,long_reversal,2024,-0.0002117453441535575,False,False,non_strategy_event_study_no_pnl_no_cost_model
EVENT-02,5min,QQQ,long_reversal,2022,-0.00010874769953597282,False,False,non_strategy_event_study_no_pnl_no_cost_model
EVENT-02,5min,QQQ,long_reversal,2023,4.156085233779847e-05,False,False,non_strategy_event_study_no_pnl_no_cost_model
EVENT-02,5min,QQQ,long_reversal,2024,-1.8916587430524857e-05,False,False,non_strategy_event_study_no_pnl_no_cost_model
EVENT-02,5min,SPY,long_reversal,2022,-5.258055858743099e-05,False,False,non_strategy_event_study_no_pnl_no_cost_model
EVENT-02,5min,SPY,long_reversal,2023,1.4455612856032448e-06,False,False,non_strategy_event_study_no_pnl_no_cost_model
EVENT-02,5min,SPY,long_reversal,2024,-1.2554102432611198e-05,False,False,non_strategy_event_study_no_pnl_no_cost_model
EVENT-02,60min,QQQ,long_reversal,2022,0.0003331836560723285,False,False,non_strategy_event_study_no_pnl_no_cost_model
EVENT-02,60min,QQQ,long_reversal,2023,-9.920248151876936e-05,False,False,non_strategy_event_study_no_pnl_no_cost_model
EVENT-02,60min,QQQ,long_reversal,2024,-0.00026569111419009106,False,False,non_strategy_event_study_no_pnl_no_cost_model
EVENT-02,60min,SPY,long_reversal,2022,0.00013037572182391023,False,False,non_strategy_event_study_no_pnl_no_cost_model
EVENT-02,60min,SPY,long_reversal,2023,-0.00021559513563831786,False,False,non_strategy_event_study_no_pnl_no_cost_model
EVENT-02,60min,SPY,long_reversal,2024,-0.00026561118402642785,False,False,non_strategy_event_study_no_pnl_no_cost_model
EVENT-02,session_close,QQQ,long_reversal,2022,-0.0006123036480624917,False,False,non_strategy_event_study_no_pnl_no_cost_model
EVENT-02,session_close,QQQ,long_reversal,2023,0.0004760037024246753,False,False,non_strategy_event_study_no_pnl_no_cost_model
EVENT-02,session_close,QQQ,long_reversal,2024,-0.00036627106828751094,False,False,non_strategy_event_study_no_pnl_no_cost_model
EVENT-02,session_close,SPY,long_reversal,2022,-0.0003721359471899109,False,False,non_strategy_event_study_no_pnl_no_cost_model
EVENT-02,session_close,SPY,long_reversal,2023,0.00026565819144872373,False,False,non_strategy_event_study_no_pnl_no_cost_model
EVENT-02,session_close,SPY,long_reversal,2024,-7.853766370209332e-05,False,False,non_strategy_event_study_no_pnl_no_cost_model
EVENT-03,15min,QQQ,short_reversal,2022,-7.638124146926681e-05,False,False,non_strategy_event_study_no_pnl_no_cost_model
EVENT-03,15min,QQQ,short_reversal,2023,1.866214693236882e-05,False,False,non_strategy_event_study_no_pnl_no_cost_model
EVENT-03,15min,QQQ,short_reversal,2024,-6.605514273259482e-05,False,False,non_strategy_event_study_no_pnl_no_cost_model
EVENT-03,15min,SPY,short_reversal,2022,0.00010394353123746357,False,False,non_strategy_event_study_no_pnl_no_cost_model
EVENT-03,15min,SPY,short_reversal,2023,4.0122104150576394e-05,False,False,non_strategy_event_study_no_pnl_no_cost_model
EVENT-03,15min,SPY,short_reversal,2024,-2.8903101347672026e-05,False,False,non_strategy_event_study_no_pnl_no_cost_model
EVENT-03,30min,QQQ,short_reversal,2022,9.85422093758048e-05,False,False,non_strategy_event_study_no_pnl_no_cost_model
EVENT-03,30min,QQQ,short_reversal,2023,0.0002030454380927224,False,False,non_strategy_event_study_no_pnl_no_cost_model
EVENT-03,30min,QQQ,short_reversal,2024,-0.0002103126905198437,False,False,non_strategy_event_study_no_pnl_no_cost_model
EVENT-03,30min,SPY,short_reversal,2022,-1.53433739333765e-05,False,False,non_strategy_event_study_no_pnl_no_cost_model
EVENT-03,30min,SPY,short_reversal,2023,9.562900500636453e-05,False,False,non_strategy_event_study_no_pnl_no_cost_model
EVENT-03,30min,SPY,short_reversal,2024,-0.0001697140084710871,False,False,non_strategy_event_study_no_pnl_no_cost_model
EVENT-03,5min,QQQ,short_reversal,2022,-0.00013826140332113635,False,False,non_strategy_event_study_no_pnl_no_cost_model
EVENT-03,5min,QQQ,short_reversal,2023,7.873795795251855e-05,False,False,non_strategy_event_study_no_pnl_no_cost_model
EVENT-03,5min,QQQ,short_reversal,2024,2.9849549015441715e-07,False,False,non_strategy_event_study_no_pnl_no_cost_model
EVENT-03,5min,SPY,short_reversal,2022,1.79528581177734e-05,False,False,non_strategy_event_study_no_pnl_no_cost_model
EVENT-03,5min,SPY,short_reversal,2023,4.522754450168109e-05,False,False,non_strategy_event_study_no_pnl_no_cost_model
EVENT-03,5min,SPY,short_reversal,2024,2.59544965648071e-05,False,False,non_strategy_event_study_no_pnl_no_cost_model
EVENT-03,60min,QQQ,short_reversal,2022,7.334097807209963e-05,False,False,non_strategy_event_study_no_pnl_no_cost_model
EVENT-03,60min,QQQ,short_reversal,2023,-0.0002431836142268924,False,False,non_strategy_event_study_no_pnl_no_cost_model
EVENT-03,60min,QQQ,short_reversal,2024,-0.0004340378725159629,False,False,non_strategy_event_study_no_pnl_no_cost_model
EVENT-03,60min,SPY,short_reversal,2022,-9.652729816472972e-05,False,False,non_strategy_event_study_no_pnl_no_cost_model
EVENT-03,60min,SPY,short_reversal,2023,-2.765259857184607e-05,False,False,non_strategy_event_study_no_pnl_no_cost_model
EVENT-03,60min,SPY,short_reversal,2024,-0.00025547084472927036,False,False,non_strategy_event_study_no_pnl_no_cost_model
EVENT-03,session_close,QQQ,short_reversal,2022,-0.0005636072154731947,False,False,non_strategy_event_study_no_pnl_no_cost_model
EVENT-03,session_close,QQQ,short_reversal,2023,-0.001237585706621678,False,False,non_strategy_event_study_no_pnl_no_cost_model
EVENT-03,session_close,QQQ,short_reversal,2024,-0.0005362400889087959,False,False,non_strategy_event_study_no_pnl_no_cost_model
EVENT-03,session_close,SPY,short_reversal,2022,-0.0005200441807267836,False,False,non_strategy_event_study_no_pnl_no_cost_model
EVENT-03,session_close,SPY,short_reversal,2023,-0.000582188966697196,False,False,non_strategy_event_study_no_pnl_no_cost_model
EVENT-03,session_close,SPY,short_reversal,2024,-0.00016199317766150712,False,False,non_strategy_event_study_no_pnl_no_cost_model
EVENT-04,15min,QQQ,short_reversal,2022,-6.432829412016914e-05,False,False,non_strategy_event_study_no_pnl_no_cost_model
EVENT-04,15min,QQQ,short_reversal,2023,1.4619514575850917e-05,False,False,non_strategy_event_study_no_pnl_no_cost_model
EVENT-04,15min,QQQ,short_reversal,2024,-6.824767129665642e-05,False,False,non_strategy_event_study_no_pnl_no_cost_model
EVENT-04,15min,SPY,short_reversal,2022,6.537150533947749e-05,False,False,non_strategy_event_study_no_pnl_no_cost_model
EVENT-04,15min,SPY,short_reversal,2023,3.1885627708338755e-05,False,False,non_strategy_event_study_no_pnl_no_cost_model
EVENT-04,15min,SPY,short_reversal,2024,-2.3845511649609033e-05,False,False,non_strategy_event_study_no_pnl_no_cost_model
EVENT-04,30min,QQQ,short_reversal,2022,8.735166626323288e-05,False,False,non_strategy_event_study_no_pnl_no_cost_model
EVENT-04,30min,QQQ,short_reversal,2023,0.00019630747580191477,False,False,non_strategy_event_study_no_pnl_no_cost_model
EVENT-04,30min,QQQ,short_reversal,2024,-0.00020594444406523633,False,False,non_strategy_event_study_no_pnl_no_cost_model
EVENT-04,30min,SPY,short_reversal,2022,-6.97833455730768e-05,False,False,non_strategy_event_study_no_pnl_no_cost_model
EVENT-04,30min,SPY,short_reversal,2023,7.527493960829607e-05,False,False,non_strategy_event_study_no_pnl_no_cost_model
EVENT-04,30min,SPY,short_reversal,2024,-0.00016995463051931926,False,False,non_strategy_event_study_no_pnl_no_cost_model
EVENT-04,5min,QQQ,short_reversal,2022,-0.00017471953245040627,False,False,non_strategy_event_study_no_pnl_no_cost_model
EVENT-04,5min,QQQ,short_reversal,2023,6.852245368511741e-05,False,False,non_strategy_event_study_no_pnl_no_cost_model
EVENT-04,5min,QQQ,short_reversal,2024,4.466095733840525e-06,False,False,non_strategy_event_study_no_pnl_no_cost_model
EVENT-04,5min,SPY,short_reversal,2022,-1.6099069131607127e-06,False,False,non_strategy_event_study_no_pnl_no_cost_model
EVENT-04,5min,SPY,short_reversal,2023,5.110696465990809e-05,False,False,non_strategy_event_study_no_pnl_no_cost_model
EVENT-04,5min,SPY,short_reversal,2024,3.143217729260173e-05,False,False,non_strategy_event_study_no_pnl_no_cost_model
EVENT-04,60min,QQQ,short_reversal,2022,8.777978587737445e-05,False,False,non_strategy_event_study_no_pnl_no_cost_model
EVENT-04,60min,QQQ,short_reversal,2023,-0.0002437562041179577,False,False,non_strategy_event_study_no_pnl_no_cost_model
EVENT-04,60min,QQQ,short_reversal,2024,-0.00042912430677181056,False,False,non_strategy_event_study_no_pnl_no_cost_model
EVENT-04,60min,SPY,short_reversal,2022,-0.0001417937930995413,False,False,non_strategy_event_study_no_pnl_no_cost_model
EVENT-04,60min,SPY,short_reversal,2023,-5.0987896146876844e-05,False,False,non_strategy_event_study_no_pnl_no_cost_model
EVENT-04,60min,SPY,short_reversal,2024,-0.00023059509194850238,False,False,non_strategy_event_study_no_pnl_no_cost_model
EVENT-04,session_close,QQQ,short_reversal,2022,-0.0005413634300788272,False,False,non_strategy_event_study_no_pnl_no_cost_model
EVENT-04,session_close,QQQ,short_reversal,2023,-0.0012346553441002703,False,False,non_strategy_event_study_no_pnl_no_cost_model
EVENT-04,session_close,QQQ,short_reversal,2024,-0.0005331892303596126,False,False,non_strategy_event_study_no_pnl_no_cost_model
EVENT-04,session_close,SPY,short_reversal,2022,-0.0006194496731254458,False,False,non_strategy_event_study_no_pnl_no_cost_model
EVENT-04,session_close,SPY,short_reversal,2023,-0.0005946662949635859,False,False,non_strategy_event_study_no_pnl_no_cost_model
EVENT-04,session_close,SPY,short_reversal,2024,-0.00015612627261508074,False,False,non_strategy_event_study_no_pnl_no_cost_model
EVENT-05,15min,QQQ,long_reversal,2022,-0.0001417638618447783,False,False,non_strategy_event_study_no_pnl_no_cost_model
EVENT-05,15min,QQQ,long_reversal,2023,5.289212408191819e-05,False,False,non_strategy_event_study_no_pnl_no_cost_model
EVENT-05,15min,QQQ,long_reversal,2024,-0.00022761031546303875,False,False,non_strategy_event_study_no_pnl_no_cost_model
EVENT-05,15min,SPY,long_reversal,2022,0.00016208255358847803,False,False,non_strategy_event_study_no_pnl_no_cost_model
EVENT-05,15min,SPY,long_reversal,2023,0.00012984952685910818,False,False,non_strategy_event_study_no_pnl_no_cost_model
EVENT-05,15min,SPY,long_reversal,2024,-0.0001207633780270595,False,False,non_strategy_event_study_no_pnl_no_cost_model
EVENT-05,30min,QQQ,long_reversal,2022,0.0003096785177568609,False,False,non_strategy_event_study_no_pnl_no_cost_model
EVENT-05,30min,QQQ,long_reversal,2023,-0.0002260763470258578,False,False,non_strategy_event_study_no_pnl_no_cost_model
EVENT-05,30min,QQQ,long_reversal,2024,1.3251567076352009e-05,False,False,non_strategy_event_study_no_pnl_no_cost_model
EVENT-05,30min,SPY,long_reversal,2022,0.00037228208840721984,False,False,non_strategy_event_study_no_pnl_no_cost_model
EVENT-05,30min,SPY,long_reversal,2023,0.00019895520605777757,False,False,non_strategy_event_study_no_pnl_no_cost_model
EVENT-05,30min,SPY,long_reversal,2024,3.74373936867286e-05,False,False,non_strategy_event_study_no_pnl_no_cost_model
EVENT-05,5min,QQQ,long_reversal,2022,-0.00011097445613792131,False,False,non_strategy_event_study_no_pnl_no_cost_model
EVENT-05,5min,QQQ,long_reversal,2023,-6.65213163926751e-05,False,False,non_strategy_event_study_no_pnl_no_cost_model
EVENT-05,5min,QQQ,long_reversal,2024,-0.0003221049957803137,False,False,non_strategy_event_study_no_pnl_no_cost_model
EVENT-05,5min,SPY,long_reversal,2022,0.00012777318627918546,False,False,non_strategy_event_study_no_pnl_no_cost_model
EVENT-05,5min,SPY,long_reversal,2023,1.0872924195778374e-05,False,False,non_strategy_event_study_no_pnl_no_cost_model
EVENT-05,5min,SPY,long_reversal,2024,-5.297443893862115e-05,False,False,non_strategy_event_study_no_pnl_no_cost_model
EVENT-05,60min,QQQ,long_reversal,2022,0.0002184103365878696,False,False,non_strategy_event_study_no_pnl_no_cost_model
EVENT-05,60min,QQQ,long_reversal,2023,0.00013323112662904206,False,False,non_strategy_event_study_no_pnl_no_cost_model
EVENT-05,60min,QQQ,long_reversal,2024,-0.00011433193514627441,False,False,non_strategy_event_study_no_pnl_no_cost_model
EVENT-05,60min,SPY,long_reversal,2022,0.0006292134982437685,False,False,non_strategy_event_study_no_pnl_no_cost_model
EVENT-05,60min,SPY,long_reversal,2023,0.00037547748486526766,False,False,non_strategy_event_study_no_pnl_no_cost_model
EVENT-05,60min,SPY,long_reversal,2024,9.566568813318013e-05,False,False,non_strategy_event_study_no_pnl_no_cost_model
EVENT-05,session_close,QQQ,long_reversal,2022,0.0006050327292455895,False,False,non_strategy_event_study_no_pnl_no_cost_model
EVENT-05,session_close,QQQ,long_reversal,2023,0.0008316116192554402,False,False,non_strategy_event_study_no_pnl_no_cost_model
EVENT-05,session_close,QQQ,long_reversal,2024,-0.00022554232686514545,False,False,non_strategy_event_study_no_pnl_no_cost_model
EVENT-05,session_close,SPY,long_reversal,2022,0.0012609258761033222,False,False,non_strategy_event_study_no_pnl_no_cost_model
EVENT-05,session_close,SPY,long_reversal,2023,0.0004446499649763422,False,False,non_strategy_event_study_no_pnl_no_cost_model
EVENT-05,session_close,SPY,long_reversal,2024,0.0006472629218643193,False,False,non_strategy_event_study_no_pnl_no_cost_model
EVENT-06,15min,QQQ,short_reversal,2022,0.00045693048470613393,False,False,non_strategy_event_study_no_pnl_no_cost_model
EVENT-06,15min,QQQ,short_reversal,2023,-8.041332782904626e-05,False,False,non_strategy_event_study_no_pnl_no_cost_model
EVENT-06,15min,QQQ,short_reversal,2024,-0.0002001610763839975,False,False,non_strategy_event_study_no_pnl_no_cost_model
EVENT-06,15min,SPY,short_reversal,2022,0.00026053366312958745,False,False,non_strategy_event_study_no_pnl_no_cost_model
EVENT-06,15min,SPY,short_reversal,2023,0.00015681566345852508,False,False,non_strategy_event_study_no_pnl_no_cost_model
EVENT-06,15min,SPY,short_reversal,2024,-2.257508624913874e-05,False,False,non_strategy_event_study_no_pnl_no_cost_model
EVENT-06,30min,QQQ,short_reversal,2022,0.0008577223829239244,False,False,non_strategy_event_study_no_pnl_no_cost_model
EVENT-06,30min,QQQ,short_reversal,2023,-0.000434944168219422,False,False,non_strategy_event_study_no_pnl_no_cost_model
EVENT-06,30min,QQQ,short_reversal,2024,-0.00031707261141435166,False,False,non_strategy_event_study_no_pnl_no_cost_model
EVENT-06,30min,SPY,short_reversal,2022,0.0004412969314527689,False,False,non_strategy_event_study_no_pnl_no_cost_model
EVENT-06,30min,SPY,short_reversal,2023,4.88726296993251e-06,False,False,non_strategy_event_study_no_pnl_no_cost_model
EVENT-06,30min,SPY,short_reversal,2024,-0.00016906651988035708,False,False,non_strategy_event_study_no_pnl_no_cost_model
EVENT-06,5min,QQQ,short_reversal,2022,0.00032299878639260074,False,False,non_strategy_event_study_no_pnl_no_cost_model
EVENT-06,5min,QQQ,short_reversal,2023,9.582454176416684e-05,False,False,non_strategy_event_study_no_pnl_no_cost_model
EVENT-06,5min,QQQ,short_reversal,2024,-5.750608853833941e-05,False,False,non_strategy_event_study_no_pnl_no_cost_model
EVENT-06,5min,SPY,short_reversal,2022,0.000283741405916819,False,False,non_strategy_event_study_no_pnl_no_cost_model
EVENT-06,5min,SPY,short_reversal,2023,0.00014092735100857542,False,False,non_strategy_event_study_no_pnl_no_cost_model
EVENT-06,5min,SPY,short_reversal,2024,-2.2982071429526493e-05,False,False,non_strategy_event_study_no_pnl_no_cost_model
EVENT-06,60min,QQQ,short_reversal,2022,-0.00011083620454864703,False,False,non_strategy_event_study_no_pnl_no_cost_model
EVENT-06,60min,QQQ,short_reversal,2023,-0.0004133842884608817,False,False,non_strategy_event_study_no_pnl_no_cost_model
EVENT-06,60min,QQQ,short_reversal,2024,-0.00036201072018352334,False,False,non_strategy_event_study_no_pnl_no_cost_model
EVENT-06,60min,SPY,short_reversal,2022,-0.00020470651754004972,False,False,non_strategy_event_study_no_pnl_no_cost_model
EVENT-06,60min,SPY,short_reversal,2023,0.00023295385130447924,False,False,non_strategy_event_study_no_pnl_no_cost_model
EVENT-06,60min,SPY,short_reversal,2024,6.695134984067217e-05,False,False,non_strategy_event_study_no_pnl_no_cost_model
EVENT-06,session_close,QQQ,short_reversal,2022,0.0005184902785383396,False,False,non_strategy_event_study_no_pnl_no_cost_model
EVENT-06,session_close,QQQ,short_reversal,2023,-0.0013773602324821182,False,False,non_strategy_event_study_no_pnl_no_cost_model
EVENT-06,session_close,QQQ,short_reversal,2024,-0.0005383230839509952,False,False,non_strategy_event_study_no_pnl_no_cost_model
EVENT-06,session_close,SPY,short_reversal,2022,-0.0004939825625037996,False,False,non_strategy_event_study_no_pnl_no_cost_model
EVENT-06,session_close,SPY,short_reversal,2023,-0.0005973116311694704,False,False,non_strategy_event_study_no_pnl_no_cost_model
EVENT-06,session_close,SPY,short_reversal,2024,-0.0005440540114284218,False,False,non_strategy_event_study_no_pnl_no_cost_model
EVENT-07,15min,QQQ,long_reversal,2022,-0.00031695694122932584,False,False,non_strategy_event_study_no_pnl_no_cost_model
EVENT-07,15min,QQQ,long_reversal,2023,-0.0003743218477991198,False,False,non_strategy_event_study_no_pnl_no_cost_model
EVENT-07,15min,QQQ,long_reversal,2024,-0.0003903922422225705,False,False,non_strategy_event_study_no_pnl_no_cost_model
EVENT-07,15min,SPY,long_reversal,2022,-0.0004952249289017599,False,False,non_strategy_event_study_no_pnl_no_cost_model
EVENT-07,15min,SPY,long_reversal,2023,-0.0001445221420013169,False,False,non_strategy_event_study_no_pnl_no_cost_model
EVENT-07,15min,SPY,long_reversal,2024,-0.00027241598179370956,False,False,non_strategy_event_study_no_pnl_no_cost_model
EVENT-07,30min,QQQ,long_reversal,2022,-0.0005238899072918231,False,False,non_strategy_event_study_no_pnl_no_cost_model
EVENT-07,30min,QQQ,long_reversal,2023,-0.000411896780478571,False,False,non_strategy_event_study_no_pnl_no_cost_model
EVENT-07,30min,QQQ,long_reversal,2024,-0.0004152023056034781,False,False,non_strategy_event_study_no_pnl_no_cost_model
EVENT-07,30min,SPY,long_reversal,2022,-0.0006147019663022865,False,False,non_strategy_event_study_no_pnl_no_cost_model
EVENT-07,30min,SPY,long_reversal,2023,-0.0002548880275964465,False,False,non_strategy_event_study_no_pnl_no_cost_model
EVENT-07,30min,SPY,long_reversal,2024,-0.0004131283068043295,False,False,non_strategy_event_study_no_pnl_no_cost_model
EVENT-07,5min,QQQ,long_reversal,2022,-0.0002908541657761164,False,False,non_strategy_event_study_no_pnl_no_cost_model
EVENT-07,5min,QQQ,long_reversal,2023,-0.00023640487400679726,False,False,non_strategy_event_study_no_pnl_no_cost_model
EVENT-07,5min,QQQ,long_reversal,2024,-0.00023123925269333303,False,False,non_strategy_event_study_no_pnl_no_cost_model
EVENT-07,5min,SPY,long_reversal,2022,-0.000201005509486397,False,False,non_strategy_event_study_no_pnl_no_cost_model
EVENT-07,5min,SPY,long_reversal,2023,-0.0001260507426780267,False,False,non_strategy_event_study_no_pnl_no_cost_model
EVENT-07,5min,SPY,long_reversal,2024,-0.00011133090061150384,False,False,non_strategy_event_study_no_pnl_no_cost_model
EVENT-07,60min,QQQ,long_reversal,2022,-0.00024209567634620547,False,False,non_strategy_event_study_no_pnl_no_cost_model
EVENT-07,60min,QQQ,long_reversal,2023,-0.0004965170973927667,False,False,non_strategy_event_study_no_pnl_no_cost_model
EVENT-07,60min,QQQ,long_reversal,2024,-0.0004967427184274089,False,False,non_strategy_event_study_no_pnl_no_cost_model
EVENT-07,60min,SPY,long_reversal,2022,-0.0006947156528748727,False,False,non_strategy_event_study_no_pnl_no_cost_model
EVENT-07,60min,SPY,long_reversal,2023,-0.00043443897216882894,False,False,non_strategy_event_study_no_pnl_no_cost_model
EVENT-07,60min,SPY,long_reversal,2024,-0.00047670884732184296,False,False,non_strategy_event_study_no_pnl_no_cost_model
EVENT-07,session_close,QQQ,long_reversal,2022,-0.0012655713973169387,False,False,non_strategy_event_study_no_pnl_no_cost_model
EVENT-07,session_close,QQQ,long_reversal,2023,6.472861437643e-05,False,False,non_strategy_event_study_no_pnl_no_cost_model
EVENT-07,session_close,QQQ,long_reversal,2024,-0.0006749555345340929,False,False,non_strategy_event_study_no_pnl_no_cost_model
EVENT-07,session_close,SPY,long_reversal,2022,-0.0013462685602035568,False,False,non_strategy_event_study_no_pnl_no_cost_model
EVENT-07,session_close,SPY,long_reversal,2023,-7.864001212612911e-05,False,False,non_strategy_event_study_no_pnl_no_cost_model
EVENT-07,session_close,SPY,long_reversal,2024,-0.0003100795599202984,False,False,non_strategy_event_study_no_pnl_no_cost_model
EVENT-08,15min,QQQ,short_reversal,2022,-0.0006405877163035004,False,False,non_strategy_event_study_no_pnl_no_cost_model
EVENT-08,15min,QQQ,short_reversal,2023,-0.000356350229910053,False,False,non_strategy_event_study_no_pnl_no_cost_model
EVENT-08,15min,QQQ,short_reversal,2024,-0.00038173556692207186,False,False,non_strategy_event_study_no_pnl_no_cost_model
EVENT-08,15min,SPY,short_reversal,2022,-0.00031603981230982195,False,False,non_strategy_event_study_no_pnl_no_cost_model
EVENT-08,15min,SPY,short_reversal,2023,-0.00013560014384370042,False,False,non_strategy_event_study_no_pnl_no_cost_model
EVENT-08,15min,SPY,short_reversal,2024,-0.00015366747474135684,False,False,non_strategy_event_study_no_pnl_no_cost_model
EVENT-08,30min,QQQ,short_reversal,2022,-0.00045625440042180364,False,False,non_strategy_event_study_no_pnl_no_cost_model
EVENT-08,30min,QQQ,short_reversal,2023,-0.00023184472684223818,False,False,non_strategy_event_study_no_pnl_no_cost_model
EVENT-08,30min,QQQ,short_reversal,2024,-0.0005024372178577195,False,False,non_strategy_event_study_no_pnl_no_cost_model
EVENT-08,30min,SPY,short_reversal,2022,-0.0005899960505109039,False,False,non_strategy_event_study_no_pnl_no_cost_model
EVENT-08,30min,SPY,short_reversal,2023,-6.291752607231156e-05,False,False,non_strategy_event_study_no_pnl_no_cost_model
EVENT-08,30min,SPY,short_reversal,2024,-0.0002920114416834708,False,False,non_strategy_event_study_no_pnl_no_cost_model
EVENT-08,5min,QQQ,short_reversal,2022,-0.0003066585622698327,False,False,non_strategy_event_study_no_pnl_no_cost_model
EVENT-08,5min,QQQ,short_reversal,2023,-6.922612234862737e-05,False,False,non_strategy_event_study_no_pnl_no_cost_model
EVENT-08,5min,QQQ,short_reversal,2024,-0.00013934281472900118,False,False,non_strategy_event_study_no_pnl_no_cost_model
EVENT-08,5min,SPY,short_reversal,2022,-0.0001961089787856126,False,False,non_strategy_event_study_no_pnl_no_cost_model
EVENT-08,5min,SPY,short_reversal,2023,-2.578305809449565e-05,False,False,non_strategy_event_study_no_pnl_no_cost_model
EVENT-08,5min,SPY,short_reversal,2024,-6.394121416959045e-05,False,False,non_strategy_event_study_no_pnl_no_cost_model
EVENT-08,60min,QQQ,short_reversal,2022,-0.0006193115349623886,False,False,non_strategy_event_study_no_pnl_no_cost_model
EVENT-08,60min,QQQ,short_reversal,2023,-0.0005813554310189413,False,False,non_strategy_event_study_no_pnl_no_cost_model
EVENT-08,60min,QQQ,short_reversal,2024,-0.0007322164973730261,False,False,non_strategy_event_study_no_pnl_no_cost_model
EVENT-08,60min,SPY,short_reversal,2022,-0.0006570521228506403,False,False,non_strategy_event_study_no_pnl_no_cost_model
EVENT-08,60min,SPY,short_reversal,2023,-0.00018289082673184325,False,False,non_strategy_event_study_no_pnl_no_cost_model
EVENT-08,60min,SPY,short_reversal,2024,-0.00032849871986946697,False,False,non_strategy_event_study_no_pnl_no_cost_model
EVENT-08,session_close,QQQ,short_reversal,2022,-0.0011649083875801894,False,False,non_strategy_event_study_no_pnl_no_cost_model
EVENT-08,session_close,QQQ,short_reversal,2023,-0.0013804865340314959,False,False,non_strategy_event_study_no_pnl_no_cost_model
EVENT-08,session_close,QQQ,short_reversal,2024,-0.0006917144997911711,False,False,non_strategy_event_study_no_pnl_no_cost_model
EVENT-08,session_close,SPY,short_reversal,2022,-0.0011231184555678857,False,False,non_strategy_event_study_no_pnl_no_cost_model
EVENT-08,session_close,SPY,short_reversal,2023,-0.0006819376363711468,False,False,non_strategy_event_study_no_pnl_no_cost_model
EVENT-08,session_close,SPY,short_reversal,2024,-0.00018963883936470413,False,False,non_strategy_event_study_no_pnl_no_cost_model
EVENT-09,15min,QQQ,long_reversal,2022,0.00040821110030019134,False,False,non_strategy_event_study_no_pnl_no_cost_model
EVENT-09,15min,QQQ,long_reversal,2023,0.0002879492419909539,False,False,non_strategy_event_study_no_pnl_no_cost_model
EVENT-09,15min,QQQ,long_reversal,2024,0.00013973764923775516,False,False,non_strategy_event_study_no_pnl_no_cost_model
EVENT-09,15min,SPY,long_reversal,2022,0.00012727380120307522,False,False,non_strategy_event_study_no_pnl_no_cost_model
EVENT-09,15min,SPY,long_reversal,2023,-0.00010343814195118622,False,False,non_strategy_event_study_no_pnl_no_cost_model
EVENT-09,15min,SPY,long_reversal,2024,0.00013954266513490954,False,False,non_strategy_event_study_no_pnl_no_cost_model
EVENT-09,30min,QQQ,long_reversal,2022,-0.00012431602801857479,False,False,non_strategy_event_study_no_pnl_no_cost_model
EVENT-09,30min,QQQ,long_reversal,2023,0.00025140043967332464,False,False,non_strategy_event_study_no_pnl_no_cost_model
EVENT-09,30min,QQQ,long_reversal,2024,0.0003389662400799445,False,False,non_strategy_event_study_no_pnl_no_cost_model
EVENT-09,30min,SPY,long_reversal,2022,-0.00015404102049832846,False,False,non_strategy_event_study_no_pnl_no_cost_model
EVENT-09,30min,SPY,long_reversal,2023,-0.000337802268151586,False,False,non_strategy_event_study_no_pnl_no_cost_model
EVENT-09,30min,SPY,long_reversal,2024,0.00025103894619982615,False,False,non_strategy_event_study_no_pnl_no_cost_model
EVENT-09,5min,QQQ,long_reversal,2022,8.610192767261502e-05,False,False,non_strategy_event_study_no_pnl_no_cost_model
EVENT-09,5min,QQQ,long_reversal,2023,0.00018296341274878775,False,False,non_strategy_event_study_no_pnl_no_cost_model
EVENT-09,5min,QQQ,long_reversal,2024,7.957949261439565e-05,False,False,non_strategy_event_study_no_pnl_no_cost_model
EVENT-09,5min,SPY,long_reversal,2022,-3.3446612813248745e-05,False,False,non_strategy_event_study_no_pnl_no_cost_model
EVENT-09,5min,SPY,long_reversal,2023,-0.00011176617099801559,False,False,non_strategy_event_study_no_pnl_no_cost_model
EVENT-09,5min,SPY,long_reversal,2024,-2.1482714446776922e-05,False,False,non_strategy_event_study_no_pnl_no_cost_model
EVENT-09,60min,QQQ,long_reversal,2022,-0.000851719992725214,False,False,non_strategy_event_study_no_pnl_no_cost_model
EVENT-09,60min,QQQ,long_reversal,2023,0.0002734420593317976,False,False,non_strategy_event_study_no_pnl_no_cost_model
EVENT-09,60min,QQQ,long_reversal,2024,0.00058058660966759,False,False,non_strategy_event_study_no_pnl_no_cost_model
EVENT-09,60min,SPY,long_reversal,2022,-0.00016982055358097096,False,False,non_strategy_event_study_no_pnl_no_cost_model
EVENT-09,60min,SPY,long_reversal,2023,-0.0002155707943819242,False,False,non_strategy_event_study_no_pnl_no_cost_model
EVENT-09,60min,SPY,long_reversal,2024,0.0004042991796319799,False,False,non_strategy_event_study_no_pnl_no_cost_model
EVENT-09,session_close,QQQ,long_reversal,2022,-0.00025768137906968477,False,False,non_strategy_event_study_no_pnl_no_cost_model
EVENT-09,session_close,QQQ,long_reversal,2023,0.0018253212955139729,False,False,non_strategy_event_study_no_pnl_no_cost_model
EVENT-09,session_close,QQQ,long_reversal,2024,0.001100403415044521,False,False,non_strategy_event_study_no_pnl_no_cost_model
EVENT-09,session_close,SPY,long_reversal,2022,0.00160015322107071,False,False,non_strategy_event_study_no_pnl_no_cost_model
EVENT-09,session_close,SPY,long_reversal,2023,0.0001446894047895536,False,False,non_strategy_event_study_no_pnl_no_cost_model
EVENT-09,session_close,SPY,long_reversal,2024,0.0005149325517974124,False,False,non_strategy_event_study_no_pnl_no_cost_model
EVENT-10,15min,QQQ,short_reversal,2022,0.00047217625756594404,False,False,non_strategy_event_study_no_pnl_no_cost_model
EVENT-10,15min,QQQ,short_reversal,2023,-9.55499371576025e-05,False,False,non_strategy_event_study_no_pnl_no_cost_model
EVENT-10,15min,QQQ,short_reversal,2024,6.0668433565141284e-05,False,False,non_strategy_event_study_no_pnl_no_cost_model
EVENT-10,15min,SPY,short_reversal,2022,-0.0003503736038922888,False,False,non_strategy_event_study_no_pnl_no_cost_model
EVENT-10,15min,SPY,short_reversal,2023,-0.00020423370589923808,False,False,non_strategy_event_study_no_pnl_no_cost_model
EVENT-10,15min,SPY,short_reversal,2024,-4.3502613399732955e-05,False,False,non_strategy_event_study_no_pnl_no_cost_model
EVENT-10,30min,QQQ,short_reversal,2022,0.0007955799532652529,False,False,non_strategy_event_study_no_pnl_no_cost_model
EVENT-10,30min,QQQ,short_reversal,2023,0.0003078296567716819,False,False,non_strategy_event_study_no_pnl_no_cost_model
EVENT-10,30min,QQQ,short_reversal,2024,0.00017077415831224678,False,False,non_strategy_event_study_no_pnl_no_cost_model
EVENT-10,30min,SPY,short_reversal,2022,-0.00022271232175418869,False,False,non_strategy_event_study_no_pnl_no_cost_model
EVENT-10,30min,SPY,short_reversal,2023,-0.00016404240748364992,False,False,non_strategy_event_study_no_pnl_no_cost_model
EVENT-10,30min,SPY,short_reversal,2024,7.246749618063194e-05,False,False,non_strategy_event_study_no_pnl_no_cost_model
EVENT-10,5min,QQQ,short_reversal,2022,0.0002194475631911312,False,False,non_strategy_event_study_no_pnl_no_cost_model
EVENT-10,5min,QQQ,short_reversal,2023,-3.292742082196978e-05,False,False,non_strategy_event_study_no_pnl_no_cost_model
EVENT-10,5min,QQQ,short_reversal,2024,9.723873723000229e-06,False,False,non_strategy_event_study_no_pnl_no_cost_model
EVENT-10,5min,SPY,short_reversal,2022,-5.624472554145413e-05,False,False,non_strategy_event_study_no_pnl_no_cost_model
EVENT-10,5min,SPY,short_reversal,2023,-0.0001794369676567481,False,False,non_strategy_event_study_no_pnl_no_cost_model
EVENT-10,5min,SPY,short_reversal,2024,8.624968640085172e-05,False,False,non_strategy_event_study_no_pnl_no_cost_model
EVENT-10,60min,QQQ,short_reversal,2022,0.0004645882174086649,False,False,non_strategy_event_study_no_pnl_no_cost_model
EVENT-10,60min,QQQ,short_reversal,2023,0.0002533330157863594,False,False,non_strategy_event_study_no_pnl_no_cost_model
EVENT-10,60min,QQQ,short_reversal,2024,0.0008087295217054586,False,False,non_strategy_event_study_no_pnl_no_cost_model
EVENT-10,60min,SPY,short_reversal,2022,-0.0005930274618515096,False,False,non_strategy_event_study_no_pnl_no_cost_model
EVENT-10,60min,SPY,short_reversal,2023,-9.31194220260851e-05,False,False,non_strategy_event_study_no_pnl_no_cost_model
EVENT-10,60min,SPY,short_reversal,2024,-3.4110152265862656e-05,False,False,non_strategy_event_study_no_pnl_no_cost_model
EVENT-10,session_close,QQQ,short_reversal,2022,0.0008251171248180639,False,False,non_strategy_event_study_no_pnl_no_cost_model
EVENT-10,session_close,QQQ,short_reversal,2023,-0.0012064766895790563,False,False,non_strategy_event_study_no_pnl_no_cost_model
EVENT-10,session_close,QQQ,short_reversal,2024,0.0008730999610863588,False,False,non_strategy_event_study_no_pnl_no_cost_model
EVENT-10,session_close,SPY,short_reversal,2022,-7.929436894455354e-05,False,False,non_strategy_event_study_no_pnl_no_cost_model
EVENT-10,session_close,SPY,short_reversal,2023,-2.5387622300716714e-05,False,False,non_strategy_event_study_no_pnl_no_cost_model
EVENT-10,session_close,SPY,short_reversal,2024,-0.0005181739866704236,False,False,non_strategy_event_study_no_pnl_no_cost_model
